/*
 Navicat Premium Dump SQL

 Source Server         : Agent1
 Source Server Type    : MySQL
 Source Server Version : 80040 (8.0.40)
 Source Host           : localhost:3306
 Source Schema         : farmsim

 Target Server Type    : MySQL
 Target Server Version : 80040 (8.0.40)
 File Encoding         : 65001

 Date: 17/03/2025 18:15:29
*/

SET NAMES utf8mb4;
SET FOREIGN_KEY_CHECKS = 0;

-- ----------------------------
-- Table structure for agent
-- ----------------------------
DROP TABLE IF EXISTS `agent`;
CREATE TABLE `agent`  (
  `agent_id` varchar(255) CHARACTER SET utf8mb4 COLLATE utf8mb4_0900_ai_ci NOT NULL,
  `agent_name` varchar(255) CHARACTER SET utf8mb4 COLLATE utf8mb4_0900_ai_ci NULL DEFAULT NULL,
  `current_action` varchar(255) CHARACTER SET utf8mb4 COLLATE utf8mb4_0900_ai_ci NULL DEFAULT NULL,
  `role_type` varchar(255) CHARACTER SET utf8mb4 COLLATE utf8mb4_0900_ai_ci NULL DEFAULT NULL,
  `simulation_id` varchar(255) CHARACTER SET utf8mb4 COLLATE utf8mb4_0900_ai_ci NULL DEFAULT NULL,
  `name` varchar(255) CHARACTER SET utf8mb4 COLLATE utf8mb4_0900_ai_ci NULL DEFAULT NULL,
  PRIMARY KEY (`agent_id`) USING BTREE,
  INDEX `FKsj6danyrc3jgqs4iq80iipjc9`(`simulation_id` ASC) USING BTREE,
  CONSTRAINT `FKsj6danyrc3jgqs4iq80iipjc9` FOREIGN KEY (`simulation_id`) REFERENCES `simulation` (`id`) ON DELETE RESTRICT ON UPDATE RESTRICT
) ENGINE = InnoDB CHARACTER SET = utf8mb4 COLLATE = utf8mb4_0900_ai_ci ROW_FORMAT = DYNAMIC;

-- ----------------------------
-- Records of agent
-- ----------------------------
INSERT INTO `agent` VALUES ('AGENT-1741874073491', 'Test Agent', 'Idle', 'FARMER', NULL, NULL);
INSERT INTO `agent` VALUES ('AGENT-1741876426852', 'Test Agent', 'Idle', 'FARMER', NULL, NULL);
INSERT INTO `agent` VALUES ('AGENT-1741876459514', 'Test Agent', 'Idle', 'FARMER', NULL, NULL);
INSERT INTO `agent` VALUES ('AGENT-1741876523640', 'Test Agent', 'Idle', 'FARMER', NULL, NULL);
INSERT INTO `agent` VALUES ('AGENT-1741880418333', '陈飞扬', NULL, 'METEOROLOGIST', 'SIM-1741880356229', NULL);
INSERT INTO `agent` VALUES ('AGENT-1741880475079', '狄宇翔', NULL, 'AGRONOMIST', 'SIM-1741880356229', NULL);
INSERT INTO `agent` VALUES ('AGENT-1741882811281', '叶向前', NULL, 'METEOROLOGIST', 'SIM-1741880356229', NULL);
INSERT INTO `agent` VALUES ('AGENT-1741882822195', '杨泽鹏', NULL, 'METEOROLOGIST', 'SIM-1741880356229', NULL);
INSERT INTO `agent` VALUES ('AGENT-1741882987560', '评委', NULL, 'FARMER', 'SIM-1741880356229', NULL);
INSERT INTO `agent` VALUES ('AGENT-1741883009473', '王晶', NULL, 'AGRONOMIST', 'SIM-1741880356229', NULL);
INSERT INTO `agent` VALUES ('AGENT-1741937271422', '老王', NULL, 'FARMER', 'SIM-1741937262514', NULL);
INSERT INTO `agent` VALUES ('AGENT-1741937726468', '老王', NULL, 'FARMER', 'SIM-1741937262514', NULL);
INSERT INTO `agent` VALUES ('AGENT-1741937809326', 'John', NULL, 'FARMER', 'SIM-1741937262514', NULL);
INSERT INTO `agent` VALUES ('AGENT-1741938393890', 'John', NULL, 'FARMER', 'SIM-1741937262514', NULL);
INSERT INTO `agent` VALUES ('AGENT-1741939008516', 'John', NULL, 'FARMER', 'SIM-1741937262514', NULL);
INSERT INTO `agent` VALUES ('AGENT-1742026776404', 'John', NULL, 'FARMER', 'SIM-1741937262514', NULL);
INSERT INTO `agent` VALUES ('AGENT-1742034586874', 'John', NULL, 'FARMER', 'SIM-1741937262514', NULL);
INSERT INTO `agent` VALUES ('AGENT-1742035147169', 'John', NULL, 'FARMER', 'SIM-1741937262514', NULL);
INSERT INTO `agent` VALUES ('AGENT-1742037786194', '农民张三', NULL, 'FARMER', 'SIM-1742036785372', NULL);
INSERT INTO `agent` VALUES ('AGENT-1742037845035', '气象学家李四', NULL, 'FARMER', 'SIM-1742036785372', NULL);
INSERT INTO `agent` VALUES ('AGENT-1742038122577', 'John', NULL, 'FARMER', 'SIM-1742038113060', NULL);
INSERT INTO `agent` VALUES ('AGENT-1742039125186', 'John', NULL, 'FARMER', 'SIM-1742039118193', NULL);
INSERT INTO `agent` VALUES ('AGENT-1742039131805', 'Nick', NULL, 'FARMER', 'SIM-1742039118193', NULL);
INSERT INTO `agent` VALUES ('AGENT-1742040864929', 'John', NULL, 'FARMER', 'SIM-1742040857118', NULL);
INSERT INTO `agent` VALUES ('AGENT-1742040872463', 'Andy', NULL, 'FARMER', 'SIM-1742040857118', NULL);
INSERT INTO `agent` VALUES ('AGENT-1742042117802', 'Andy', NULL, 'FARMER', 'SIM-1742042110582', NULL);
INSERT INTO `agent` VALUES ('AGENT-1742042128014', 'Adam', NULL, 'FARMER', 'SIM-1742042110582', NULL);
INSERT INTO `agent` VALUES ('AGENT-1742042289759', 'Adam', NULL, 'FARMER', 'SIM-1742042280240', NULL);
INSERT INTO `agent` VALUES ('AGENT-1742129348317', '老王', NULL, 'FARMER', 'SIM-1742129341880', NULL);
INSERT INTO `agent` VALUES ('AGENT-1742129577541', '老王', NULL, 'FARMER', 'SIM-1742129571107', NULL);

-- ----------------------------
-- Table structure for agent_dialogue
-- ----------------------------
DROP TABLE IF EXISTS `agent_dialogue`;
CREATE TABLE `agent_dialogue`  (
  `id` bigint NOT NULL AUTO_INCREMENT,
  `agent_id` varchar(255) CHARACTER SET utf8mb4 COLLATE utf8mb4_0900_ai_ci NULL DEFAULT NULL,
  `content` varchar(2000) CHARACTER SET utf8mb4 COLLATE utf8mb4_0900_ai_ci NULL DEFAULT NULL,
  `role` varchar(255) CHARACTER SET utf8mb4 COLLATE utf8mb4_0900_ai_ci NULL DEFAULT NULL,
  `timestamp` datetime(6) NULL DEFAULT NULL,
  `simulation_id` varchar(255) CHARACTER SET utf8mb4 COLLATE utf8mb4_0900_ai_ci NULL DEFAULT NULL,
  PRIMARY KEY (`id`) USING BTREE,
  INDEX `FKqbd99dwt1ve2qp0ywp39iy777`(`simulation_id` ASC) USING BTREE,
  CONSTRAINT `FKqbd99dwt1ve2qp0ywp39iy777` FOREIGN KEY (`simulation_id`) REFERENCES `simulation` (`id`) ON DELETE RESTRICT ON UPDATE RESTRICT
) ENGINE = InnoDB AUTO_INCREMENT = 250 CHARACTER SET = utf8mb4 COLLATE = utf8mb4_0900_ai_ci ROW_FORMAT = DYNAMIC;

-- ----------------------------
-- Records of agent_dialogue
-- ----------------------------
INSERT INTO `agent_dialogue` VALUES (1, 'AGENT-1741880418333', '选择种植什么作物需要考虑多个因素，比如当前的气候条件、土壤类型、种植经验以及市场需求等。由于“null（null）”没有提供具体的情境信息，我无法给出一个针对性的答案。\n\n不过，一般来说，春季适合种植的作物有蔬菜如西红柿、黄瓜、茄子，以及粮食作物如小麦、玉米等。如果是在秋季，可以选择种植菠菜、生菜等叶类蔬菜，或者是适合冬季生长的作物如大白菜、萝卜。\n\n建议您根据自己所在地区的实际情况，结合当前的季节和气候条件，选择合适的作物进行种植。同时，也要考虑个人的种植技术和资源条件，以确保作物能够健康生长。', NULL, '2025-03-13 23:45:46.743222', 'SIM-1741880356229');
INSERT INTO `agent_dialogue` VALUES (2, 'AGENT-1741880475079', '选择种植什么作物取决于多个因素，包括当地的气候、季节、土壤类型以及您的种植目的。由于“null（null）”没有提供具体的信息，我无法给出一个确切的答案。\n\n不过，一般来说，您可以根据以下原则来决定：\n\n1. **季节性作物**：根据您所在地区的气候和当前的季节选择适合的作物。例如，在中国北方，春季可以种植玉米、大豆、蔬菜等；而南方则适合种植水稻、茶叶等。\n\n2. **土壤条件**：了解您的土壤类型（如沙质、黏土或壤土），并选择适合该土壤的作物。\n\n3. **市场需求**：如果您的种植是为了销售，考虑当地市场的需求，选择那些有较好销路的作物。\n\n4. **个人喜好**：如果是家庭种植，可以根据您或您家人的喜好来选择种植的作物。\n\n5. **耕作能力**：考虑您能投入的时间和精力，选择易于管理或适合您耕作能力的作物。\n\n如果您能提供更多具体信息，我可以给出更具体的建议。', NULL, '2025-03-13 23:45:53.566965', 'SIM-1741880356229');
INSERT INTO `agent_dialogue` VALUES (3, 'AGENT-1741880418333', '要决定今天应该种植什么作物，我需要考虑几个因素，比如你所在的地理位置、当前的气候条件、土壤类型以及市场需求。以下是一些建议：\n\n1. **地理位置**：如果你在中国北方，现在可能是春季，适合种植的作物可能包括小麦、玉米、大豆等。\n   \n2. **气候条件**：如果你所在的地区气候温和，可以考虑种植蔬菜，如西红柿、黄瓜、茄子等。\n   \n3. **土壤类型**：如果土壤肥沃，适合多种作物生长。但如果土壤贫瘠，可能需要选择对环境适应性强、耐旱或耐贫瘠的作物，比如土豆或红薯。\n\n4. **市场需求**：考虑当地市场对哪些作物有较高的需求。如果某种作物的价格好，那么种植它可能会带来更好的经济效益。\n\n结合以上因素，我可能会这样建议：\n\n- 如果你主要是为了自给自足，可以考虑种植一些生长周期短、易于管理的叶类蔬菜，比如生菜、小白菜。\n- 如果你有意向商业化种植，那么可以调研当地市场需求，选择一些高价值的作物，比如有机蔬菜或者特色水果。\n\n当然，种植之前还需要做好土地准备、选购种子、安排灌溉和施肥计划等工作。记得考虑长远一点的天气预测，以防突然的气候变化影响作物生长。\n\n你有什么具体的情况或需求吗？这样我可以给出更精确的建议。', NULL, '2025-03-14 00:20:49.187068', 'SIM-1741880356229');
INSERT INTO `agent_dialogue` VALUES (4, 'AGENT-1741880475079', '嗯，你说的这些因素确实都是决定种什么作物时需要考虑的。我赞同你的观点，特别是关于根据地理位置和气候条件来选择作物，这很关键。不过，我补充几点：\n\n1. 对于北方来说，现在春季确实是个好时机，但是也要注意春季可能会有倒春寒，对小麦这些作物的生长会有影响，所以得留意天气预报，适时采取措施。\n\n2. 土壤类型这块，我觉得可以更进一步做一下土壤检测，看看具体缺少哪些养分，然后针对性地施肥，这样作物长得更好。\n\n3. 市场需求这块，我同意你的看法，但是也要考虑到自己的种植技术和管理能力，不是所有高价值的作物都适合种。比如说，如果你对有机蔬菜的种植要求不熟悉，可能一开始不容易种出好品质，这样反而影响收益。\n\n所以，如果你能提供更具体的情况，比如你是新手还是老手，土地大小，以及你所在的具体区域，我可以帮你更精准地分析一下。不过，你提到的种植叶类蔬菜和调研市场需求这两点，确实是很实用的一些建议。继续保持！', NULL, '2025-03-14 00:20:56.863642', 'SIM-1741880356229');
INSERT INTO `agent_dialogue` VALUES (5, 'AGENT-1741882811281', '嗯，你补充的这些点都很到位，确实咱们种地得综合考虑各个方面。\n\n1. 对于倒春寒这个问题，确实得注意。我一般在春天会留心天气预报，如果预报说要有寒流，我会提前给作物盖上一层薄膜，或者提前喷点防冻剂，尽量减少点损失。\n\n2. 土壤检测这个建议我也很赞同，毕竟“土壤是作物的母亲”，了解土壤状况，针对性地施肥，确实能提高产量和品质。\n\n3. 至于市场需求，你说的对，得根据自己的实际情况来。我自己的经验是，如果新技术不熟悉，可以先小面积试种，等技术成熟了再扩大面积。而且，种植高价值作物前，最好先考察一下市场，看看有没有销路，别到时候丰收了却卖不出去。\n\n如果你是新手，我建议先从适应性广、管理相对简单的作物开始种，比如叶菜类，这些长得快，市场需求也稳定。至于土地大小和具体区域，这直接影响你种什么作物合适。比如，如果你在山地，可能就得种点耐旱的作物；如果土地多，可以考虑多样化种植，分区块种不同的作物，这样风险分散，收益也更稳定。\n\n总之，种地是个技术活，也是个耐心活，得慢慢来，多学多试，才能找到最适合自己的路子。加油！', 'FARMER', '2025-03-14 00:21:06.096137', 'SIM-1741880356229');
INSERT INTO `agent_dialogue` VALUES (6, 'AGENT-1741882822195', '嗯，你说得真不赖！种地这事儿，确实是门学问，得从实践中慢慢摸索。\n\n1. 对，倒春寒确实得防着点。我通常也会提前准备，除了盖薄膜、喷防冻剂，有时候还会在田里烧点秸秆，增加点温度，多少能起点作用。\n\n2. 土壤检测这个，我也觉得非常重要。我去年就专门去做了土壤检测，结果发现缺钾，就针对性地施了钾肥，效果还真不错，产量提高了不少。\n\n3. 市场需求这块，我完全同意你的看法。新手的话，确实得先从小面积试种开始，别一上来就大面积种植，万一市场不买账，那就亏大了。\n\n你提到的叶菜类，确实是个不错的选择，生长周期短，资金回笼快。至于土地和区域，我得补充一句，不仅要考虑地形和气候，还得看看当地有没有特色，比如有的地方适合种水果，有的地方适合发展中药材，结合当地特色来规划种植，往往能事半功倍。\n\n种地这事儿，确实得耐心，还得不断学习新技术，与时俱进。我去年就开始尝试了一些无土栽培，虽然投入大了点，但效果还真不错，产量高，品质也好。\n\n总之，种地是个系统工程，得用心经营，多尝试，多总结经验。大家一起加油，争取年年都有好收成！', 'FARMER', '2025-03-14 00:21:16.177174', 'SIM-1741880356229');
INSERT INTO `agent_dialogue` VALUES (7, 'AGENT-1741880418333', '要给出种植作物的建议，我需要了解一些额外的信息，比如你所在的地理位置、当地的气候条件、土壤类型、水资源状况以及你的农业种植目的（比如是为了商业种植还是自给自足）。不过，我可以给你一些一般性的建议。\n\n如果是春季，你可以考虑种植以下作物：\n1. 蔬菜：比如西红柿、黄瓜、茄子、青椒、青菜、生菜等。\n2. 水果：比如草莓、樱桃、杏子等。\n3. 粮食作物：比如小麦、玉米、大豆等。\n\n如果是夏季：\n1. 蔬菜：可以种植豆角、豇豆、苦瓜、丝瓜等耐热作物。\n2. 水果：比如西瓜、甜瓜、桃子等。\n\n秋季适合种植：\n1. 蔬菜：如大白菜、萝卜、菜花等。\n2. 粮食作物：如晚稻、红薯等。\n\n冬季的话，如果你在气候较温暖的地区，可以考虑种植：\n1. 蔬菜：如菠菜、生菜、香菜等耐寒作物。\n\n请根据你当地的实际情况选择合适的作物进行种植。如果你能提供更多具体信息，我可以给出更加精准的建议。', NULL, '2025-03-14 00:22:19.630976', 'SIM-1741880356229');
INSERT INTO `agent_dialogue` VALUES (8, 'AGENT-1741880475079', '嗯，我同意之前提到的需要了解具体情况才能给出更合适建议的观点。毕竟，种植作物这事儿，地理位置、气候、土壤这些因素都太关键了。如果你能告诉我你具体在哪个地方，比如是南方还是北方，气候是湿润还是干燥，那我能给的建议就更靠谱了。\n\n不过，按照你给的那些信息，春季种西红柿、黄瓜这些确实不错，这些蔬菜市场需求也大，如果是为了商业种植，可以考虑这些。夏季的话，豆角、豇豆这些耐热的作物很适合，毕竟夏天那么热，有些作物是真受不了。\n\n秋天种大白菜、萝卜这些也挺好的，这些都是秋冬季节的常见蔬菜，市场需求稳定。冬天的话，如果你那地方不太冷，种点菠菜、生菜也很不错，绿色蔬菜总是受欢迎的。\n\n总之，根据实际情况来，如果需要更具体的建议，就告诉我更多的细节吧。我会尽力帮你规划一下种植计划。', NULL, '2025-03-14 00:22:25.960047', 'SIM-1741880356229');
INSERT INTO `agent_dialogue` VALUES (9, 'AGENT-1741882811281', '嗯，你说的挺对，这些因素确实都是决定种啥的关键。我这边是北方地区，气候比较干燥，冬天冷，夏天热。这样的话，我得根据季节变化来调整种植计划。\n\n春天，我确实打算种些西红柿和黄瓜，市场需求大，种出来不愁卖。夏天的话，我地里打算种点豆角和豇豆，耐热，收成应该也不错。\n\n秋天，我考虑种点大白菜和萝卜，这俩蔬菜储存也方便，冬天还能卖点好价钱。至于冬天，如果条件允许，我可能会试试在温室里种点菠菜和生菜，反季节蔬菜价格一般都挺高的。\n\n你有没有什么特别的建议，比如在北方这种气候条件下，还有没有其他作物我也应该考虑种的？或者有什么特别的管理技巧，能让我这些作物长得更好，提高产量？毕竟，种植这事儿，除了选对作物，管理和技术也很重要啊。', 'FARMER', '2025-03-14 00:22:32.955742', 'SIM-1741880356229');
INSERT INTO `agent_dialogue` VALUES (10, 'AGENT-1741882822195', '嗯，你这计划听起来挺周全的。北方干燥的气候确实对作物选择和管理都有一定影响。\n\n春天种西红柿和黄瓜确实不错，市场需求大，你要注意合理施肥和浇水，尤其是开花结果期，水分和养分一定要跟上。还有，西红柿和黄瓜都容易得病，要注意防治。\n\n夏天种豆角和豇豆是个好主意，这两种作物确实耐热，但也要注意防止干旱，豆科作物对水分要求还是挺高的。可以试试用一些生物肥料，比如根瘤菌肥，能提高固氮效率，对产量有帮助。\n\n秋天的大白菜和萝卜，储存方面确实方便，你可以考虑深挖地窖，保持适当的湿度和温度，这样能存得更久，卖价也会更好。\n\n至于冬天，在温室里种菠菜和生菜是个不错的选择。温室的话，要注意通风和温度控制，防止病害的发生。此外，可以尝试一些高效的温室覆盖材料，比如抗雾滴的塑料薄膜，能提高光照利用率。\n\n特别建议方面，北方其实还可以考虑这些作物：\n1. 春天可以种点土豆，适应性很强，市场需求也稳定。\n2. 夏天可以试试甜玉米，生长期短，而且消费者喜欢新鲜甜玉米。\n3. 秋天除了大白菜，也可以种点西兰花，营养价值高，市场行情也不错。\n\n管理技巧方面：\n- 浇水：采用滴灌或者微喷技术，节水又高效。\n- 施肥：根据土壤检测结果，合理搭配氮磷钾肥，适当使用有机肥和微量元素肥料。\n- 防病：定期检查作物，提前预防，尽量使用生物农药或者物理方法控制害虫。\n- 土壤管理：合理轮作，避免连作障碍，适时深翻，增加土壤透气性。\n\n希望这些建议能帮到你，种地是个细心活，慢慢来，多观察，多学习，产量自然就上去了。', 'FARMER', '2025-03-14 00:22:46.441758', 'SIM-1741880356229');
INSERT INTO `agent_dialogue` VALUES (11, 'AGENT-1741880418333', '要决定今天应该种植什么作物，我需要考虑几个因素，比如你所在的地理位置、当前的季节、土壤类型、当地的气候条件和市场需求。以下是几点建议：\n\n1. **地理位置和气候**：如果你位于北方，现在可能是春季，适合种植的是耐寒的作物，如小麦、大麦、土豆或者蔬菜类的菠菜、生菜等。如果是在南方，气候相对温暖，可以考虑种植水稻、玉米或者蔬菜如番茄、黄瓜等。\n\n2. **土壤类型**：不同的作物对土壤的要求不同。如果土壤肥沃、排水良好，可以选择种植对土壤要求较高的作物，如蔬菜和水果。如果土壤贫瘠，可能需要选择更耐旱或耐贫瘠的作物，比如豆类或者某些杂粮。\n\n3. **市场需求**：种植作物时，考虑当地市场的需求也很重要。如果某种作物在市场上供不应求，种植这种作物可能会有较好的经济效益。\n\n4. **种植时间**：有的作物有特定的种植时间，比如春播或秋播作物。确保根据当地气候条件选择正确的种植时间。\n\n基于以上因素，我可以给你以下建议：\n- 如果是北方地区，现在是春季，可以考虑种植小麦、土豆或者开始准备温室里的蔬菜种植。\n- 如果是南方地区，可以考虑种植水稻、玉米或者一些早熟蔬菜。\n\n当然，这些只是大致的建议，具体的作物选择还需要根据你所在地的具体情况进行调整。你还有其他相关信息可以提供吗？这样我可以给出更精确的建议。', NULL, '2025-03-14 00:23:51.310656', 'SIM-1741880356229');
INSERT INTO `agent_dialogue` VALUES (12, 'AGENT-1741880475079', '嗯，你刚才提到的那些因素确实都是决定种植什么作物时需要考虑的重点。我赞同你的观点，地理位置、气候、土壤和市场需求都是关键因素。不过，我还想补充几点：\n\n1. **种植技术**：你有没有考虑过自己的种植技术或者设备条件？有些作物可能需要特别的种植技术或者设备支持，比如需要滴灌系统的作物。\n\n2. **资金预算**：种不同的作物，成本也不一样。你有没有一个大概的资金预算？这个也会影响到你最终决定种什么。\n\n3. **风险管理**：作物种植也有风险，比如病虫害、自然灾害等。可以考虑种一些抗病性强、适应性广的作物，这样风险会相对小一些。\n\n针对你说的建议，我觉得挺靠谱的。不过，如果是在北方，除了小麦和土豆，也可以考虑种一些特色作物，比如中草药，现在市场行情也不错。南方的话，确实水稻和玉米是不错的选择，但是早熟蔬菜也要注意防病虫害。\n\n如果你能提供更具体的地理位置、气候条件、土壤状况和市场需求信息，我可以帮你进一步细化种植计划。怎么样，你那边的情况能详细说说吗？这样我们才能更精准地给你建议。', NULL, '2025-03-14 00:23:59.473559', 'SIM-1741880356229');
INSERT INTO `agent_dialogue` VALUES (13, 'AGENT-1741882811281', '嗯，你说的这些补充点都很实在，确实在实际种植中这些都是要考虑的。种植技术这块，我这边条件有限，所以确实得选个适合我技术水平的作物。资金预算嘛，我倒是有一个大概的数，但是也得精打细算，不能乱花。\n\n关于风险管理，我同意你的看法，得找些抗病性强的作物来种。我北方的朋友确实可以考虑种中草药，市场需求大，价格也相对稳定。南方的早熟蔬菜确实要注意防病虫害，这个不能掉以轻心。\n\n我这边的具体情况是这样的：我种地在华北平原，土壤还算肥沃，但是这两年气候变化挺大，有时候旱有时候涝。我预算有限，设备也就那些传统农具，没有太高级的。市场方面，我们这儿蔬菜和水果需求都挺大，但是我也想试试看能不能种点有特色的东西，说不定能卖个好价钱。\n\n你给我出出主意，我这种情况，除了小麦和土豆，还能种点啥？最好是那种管理起来不太复杂，市场需求稳定的作物。', 'FARMER', '2025-03-14 00:24:07.034451', 'SIM-1741880356229');
INSERT INTO `agent_dialogue` VALUES (14, 'AGENT-1741882822195', '华北平原这地方，土壤肥沃，确实适合种点不一样的作物。既然你提到气候变化大，有时候旱有时候涝，那咱们就得选些适应性强的作物。预算和技术有限的情况下，我觉得你可以考虑种这些：\n\n1. **谷子**：这作物耐旱，适应性强，管理起来也不复杂，而且现在市场上杂粮挺受欢迎的，健康饮食的观念深入人心，谷子是个不错的选择。\n\n2. **豆类**：比如黄豆、绿豆这些，耐旱也耐寒，豆类作物还能改善土壤结构，对后茬作物也有好处。\n\n3. **特色蔬菜**：你提到当地蔬菜需求大，可以尝试种点特色蔬菜，比如螺丝椒、紫甘蓝这些，市场需求稳定，价格也相对好。\n\n4. **中草药**：既然你朋友种中草药效益不错，你也可以考察一下当地市场，种些市场需求稳定、生长周期短的中草药，比如板蓝根、丹参这些。\n\n管理方面，确实得选个省心的。这些作物都不需要太高级的设备，你那传统农具对付对付也够了。不过，种植特色作物的时候，要注意几点：\n\n- **了解市场需求**：种之前先考察好市场，看看哪些作物在本地卖得好。\n- **学习种植技术**：虽然这些作物管理起来不难，但还是有技巧的，多学学，能提高产量和品质。\n- **预防病虫害**：不管种什么，病虫害预防是关键，及时关注天气预报，做好防护措施。\n\n总的来说，种地是个技术活，也是个耐心活，选好了作物，还得细心打理。你根据自己的实际情况，综合考量一下，希望我这点建议能帮到你。', 'FARMER', '2025-03-14 00:24:19.291074', 'SIM-1741880356229');
INSERT INTO `agent_dialogue` VALUES (15, 'AGENT-1741882987560', '嗯，你说的这些我都仔细考虑过了。谷子、豆类、特色蔬菜和中草药这些主意都不错，我也觉得得种些适应性强的作物，毕竟这天气是越来越不稳定了。\n\n关于谷子，我同意你的看法，这东西耐旱，管理起来也简单，市场需求也有。豆类我也考虑过，确实能改善土壤，种豆类好处多。\n\n特色蔬菜这块，我得好好考察考察市场，毕竟这东西得看消费者喜不喜欢。中草药嘛，我之前没种过，但是听你这么一说，我觉得值得一试，就是得先学学相关的种植技术。\n\n你提到的那几点我也很认同，了解市场需求、学习种植技术、预防病虫害，这些都是种植前必须要做的准备工作。我这儿种地也有些年头了，知道这活儿不容易，但是得干一行爱一行，对吧？\n\n我还有个问题，你说这些作物，有没有什么好办法能进一步提高产量和抗风险能力？比如，我听说现在有种叫做“套种”的方法，不知道在华北平原这地方适不适用？还有没有其他什么好方法能推荐推荐的？', 'FARMER', '2025-03-14 00:24:28.319342', 'SIM-1741880356229');
INSERT INTO `agent_dialogue` VALUES (16, 'AGENT-1741883009473', '没错，干一行爱一行，农业尤其讲究个耐心和细致。关于提高产量和抗风险能力，套种确实是个好办法。在华北平原，气候条件多变，套种可以充分利用土地和气候资源，减少单一作物风险，还能增加收入。\n\n套种的话，你可以试试谷子和豆类的组合，或者蔬菜和豆类的搭配。比如，豆类可以和玉米套种，这样豆类的根瘤菌还能固定空气中的氮，对玉米也有好处。中草药和其他作物套种也行，但要考虑它们的生长习性和对光照、水分的要求。\n\n除了套种，这里还有几个建议：\n\n1. **轮作**：轮作可以改善土壤结构，减少病虫害的发生，对提高产量也有帮助。\n\n2. **科学施肥**：合理施肥对作物生长很重要，可以找农业技术人员帮你测土配方，有针对性地施肥。\n\n3. **病虫害防治**：提前做好病虫害防治工作，比如使用生物农药，既能减少对环境的影响，又能提高防治效果。\n\n4. **节水灌溉**：华北平原有时候旱有时候涝，可以考虑采用滴灌、喷灌这些节水灌溉方式，既节水又高效。\n\n5. **选用良种**：选择适合当地气候条件、抗病性强、产量高的良种，这也是提高产量的关键。\n\n6. **农业保险**：适当购买农业保险，能在遭遇自然灾害时减少损失。\n\n这些方法综合运用，能大大提高你的作物产量和抗风险能力。不过，具体实施还得根据你那边的实际情况来调整。农业这行，还得不断学习和实践，希望这些建议能帮到你。', 'FARMER', '2025-03-14 00:24:40.463625', 'SIM-1741880356229');
INSERT INTO `agent_dialogue` VALUES (17, 'AGENT-1741880418333', '要给出种植作物的建议，我需要考虑几个因素，比如你所在的地理位置、气候条件、土壤类型以及当地市场需求。由于这些信息没有提供，我会给出一些一般性的建议。\n\n首先，你应该考虑以下因素来决定今天种植什么作物：\n\n1. **季节性**：根据你所在的地区的当前季节选择合适的作物。比如，如果你在中国北方，春天可能适合种植小麦、土豆等。\n\n2. **气候条件**：如果你所在的地方最近雨水较多，可能适合种植水稻或其他水生作物；如果气候较干燥，可以考虑种植耐旱作物，比如玉米或豆类。\n\n3. **土壤类型**：不同的土壤适合种植不同的作物。例如，沙质土壤适合种植花生，而粘土土壤可能更适合种植蔬菜。\n\n4. **市场需求**：考虑当地市场对哪些作物有较高需求，这样种植出来的产品容易销售。\n\n基于以上因素，以下是一些建议：\n\n- 如果现在是春季，可以考虑种植绿叶蔬菜、茄果类或者豆类。\n- 如果土壤肥沃且排水良好，可以尝试种植玉米、大豆或者甜菜。\n- 如果你的地区适合果树种植，可以考虑种植一些经济价值高的果树，如苹果、梨或者桃子。\n- 如果考虑短期作物，可以种植一些快速生长的叶菜，如生菜、小白菜等。\n\n最后，建议在种植之前，对当地的具体情况进行详细考察，并咨询当地的农业技术推广部门或农业专家，以获得更具体的建议。同时，也要注意轮作和土壤健康，以保持土地的可持续生产力。', NULL, '2025-03-14 00:26:22.343949', 'SIM-1741880356229');
INSERT INTO `agent_dialogue` VALUES (18, 'AGENT-1741880475079', '嗯，我赞同你提到的几点考虑因素，确实都是决定种什么作物时需要重点考虑的。特别是季节性和土壤类型，这两点对作物种植太关键了。我补充几点：\n\n1. 你提到春季种绿叶蔬菜、茄果类或者豆类，这个建议挺不错的。不过，如果是北方地区，春天可能会有倒春寒，种菜的话要注意防寒措施，别让作物冻着了。\n\n2. 关于市场需求，这点我也很赞同。不过，还要考虑一下未来的市场趋势，有时候某种作物今年特别火，明年可能就供过于求了，所以要有前瞻性。\n\n3. 土壤肥沃排水好的话，确实可以种玉米、大豆这些。但是，也要注意病虫害防治，特别是大豆，夏天容易生虫。\n\n4. 果树种植的话，除了考虑经济价值，还要考虑种植技术和管理成本，毕竟果树是需要长期投资的。\n\n总之，种植作物是个技术活，也是个细心活，得多方面考虑，还得随时关注天气变化，做好应对措施。另外，你提到的咨询当地农业技术推广部门，这个真的很重要，他们的建议往往很实用，能避免走很多弯路。', NULL, '2025-03-14 00:26:30.384241', 'SIM-1741880356229');
INSERT INTO `agent_dialogue` VALUES (19, 'AGENT-1741882811281', '嗯，你说的这些补充点我都特别同意。确实，种地这活儿，不光要看天时地利，还得预判市场，技术和管理都得跟上。\n\n1. 春天北方那倒春寒确实得防着点，我一般会晚点播种，或者用点塑料薄膜、搭建个小拱棚啥的，以防万一。\n\n2. 市场需求这块儿，咱们农民也得学会看新闻，关注国家政策，有时候政策一扶持，某个品种就能火起来，得抓住这些机会。\n\n3. 土壤和病虫害防治，确实是个大事。我一般会轮作，不让同一块地年年种同样的作物，这样能减少病虫害。大豆生虫，可以用点生物农药，既环保效果又好。\n\n4. 果树这块儿，确实是长远投资，技术和管理都得跟上。我建议刚开始种果树的话，可以先小面积尝试，等技术成熟了再扩大规模。\n\n最后，那农业技术推广部门，他们给的资料和技术培训真的挺有用的，我自个儿也经常去参加，能学到不少新技术，也避免了自己走弯路。咱们农民，得多学点新知识，才能跟上时代啊！', 'FARMER', '2025-03-14 00:26:38.861564', 'SIM-1741880356229');
INSERT INTO `agent_dialogue` VALUES (20, 'AGENT-1741882822195', '嗯，你说得太对了！种地真是个技术活，得方方面面都考虑到。\n\n1. 对，北方春天那倒春寒确实得小心。我去年就因为没及时盖膜，差点儿把苗给冻坏了。今年我也打算晚点播种，稳妥点好。\n\n2. 市场这块儿，我觉着你说的挺有道理的，得跟着政策走，抓住那些机会。我哥他们就因为提前种了政府扶持的作物，去年大赚了一笔。\n\n3. 土壤保护和病虫害防治，轮作是个好办法，我也经常这么做。生物农药确实是个好东西，环保又有效，就是得用对了方法。\n\n4. 果树这块儿，我同意你的看法，先小面积尝试，等技术熟练了再扩大。我邻居就是一开始种太多，结果管理不过来，亏了不少。\n\n农业技术推广部门的技术培训，我也经常去，确实学到了不少实用技术。咱们农民啊，得多学多用，才能种出好东西，提高收入不是。另外，我还想着，能不能咱们农民自己也搞个交流群，互相分享经验，这样也能少走弯路，共同进步！', 'FARMER', '2025-03-14 00:26:47.313819', 'SIM-1741880356229');
INSERT INTO `agent_dialogue` VALUES (21, 'AGENT-1741882987560', '嗯，听你这么一说，我觉得你真的是个挺有心、也挺有经验的农民大哥。我完全赞同你的观点。\n\n1. 春天播种这事儿，确实得看天气，稳妥点总没错。晚点播种，等天气稳定了再动手，这样保险些。\n\n2. 市场这块儿，跟着政策走是没错，但还得结合自己实际情况，不能盲目跟风。你哥他们能大赚一笔，除了跟政策，肯定还有他们自己的努力和判断。\n\n3. 轮作和生物农药这块儿，我觉着你做得挺对的。我们这儿也用生物农药，确实得用对方法，效果才好。\n\n4. 果树这块儿，我同意你的看法，先小面积试水，等技术成熟了再扩大。这样风险小，也更容易管理。\n\n至于你说的搞个农民交流群，这个主意太好了！我们农民之间互相交流经验，共同解决问题，肯定能少走很多弯路。我回头也跟周围的农民兄弟们提提这个建议，大家一起来搞个群，共同进步！\n\n最后，还得提醒大家，种地是个长期活儿，得有耐心，还得不断学习新技术，这样才能越种越好，收入也能越来越高。咱们一起加油吧！', 'FARMER', '2025-03-14 00:26:56.892623', 'SIM-1741880356229');
INSERT INTO `agent_dialogue` VALUES (22, 'AGENT-1741880418333', '面对寒潮对菜地的影响，你可以采取以下措施来保护你的作物：\n\n1. **及时覆盖**：使用塑料薄膜或者防寒布覆盖作物，可以起到很好的保温作用，减少低温对作物的伤害。\n\n2. **增施有机肥**：在寒潮来临前，可以增施一些有机肥料，比如牛粪、羊粪等，这不仅能提高土壤温度，还能增强作物的抗寒能力。\n\n3. **浇水保温**：在寒潮到来前，适量浇水，因为水的比热大，可以在夜间释放热量，起到一定的保温作用。但要注意不要在寒潮期间浇水，避免冻害。\n\n4. **修剪枝叶**：对于一些蔬菜，如番茄、黄瓜等，可以适当修剪部分枝叶，减少蒸腾作用，从而减少热量散失。\n\n5. **搭建风障**：如果条件允许，可以在菜地周围搭建风障，比如使用秸秆、尼龙网等材料，可以减少寒风直接侵袭。\n\n6. **选择耐寒品种**：在种植时，选择一些耐寒性较强的品种，这样即使遇到寒潮，作物受到的影响也会相对较小。\n\n7. **做好灾后管理**：寒潮过后，要及时检查作物受损情况，清除受冻害的枝叶，并适时施肥，促进作物恢复生长。\n\n8. **关注天气预报**：时刻关注当地的天气预报，提前做好防寒潮的准备。\n\n希望这些建议对你有所帮助。如果有其他具体问题，也欢迎随时提问。', NULL, '2025-03-14 00:27:02.917705', 'SIM-1741880356229');
INSERT INTO `agent_dialogue` VALUES (23, 'AGENT-1741883009473', '嗯，兄弟，你说得真不赖！我这边儿也觉得咱们农民得互相帮助，共同进步。\n\n1. 春天播种，确实是得稳妥点。我一般也会看看天气预报，等气候稳定了再种。而且，我还常用那种抗寒性强的种子，这样即使偶尔来个倒春寒，影响也不会太大。\n\n2. 市场这块儿，我完全同意你的看法，不能光跟政策走，自个儿的实际情况也得考虑进去。我哥他们去年赚钱，确实也是因为他们不光看政策，还研究了市场，自己也下了不少功夫。\n\n3. 轮作和生物农药，这个我是深有体会。用生物农药，不光对环境好，对咱们的身体也健康。但是，确实得用对方法，有时候我也得请教专家，或者跟其他农民兄弟交流交流，看人家是怎么用的。\n\n4. 果树这块儿，我觉着你说的特别对，先小面积试试水，慢慢来，别心急。我有个亲戚就是一开始种太多，结果忙不过来，亏了不少。\n\n至于搞个农民交流群，我举双手赞成！大家互相交流，分享经验，遇到问题也能一起解决，这个主意太棒了。我回头也发动发动周围的农民兄弟们，一起来搞这个事儿。\n\n最后，种地确实是长期活儿，得有耐心，还得不断学习。我也在不断学习新的种植技术和管理方法，希望年年都能有个好收成。咱们一起加油，把地种好，让生活越过越好！', 'FARMER', '2025-03-14 00:27:08.071664', 'SIM-1741880356229');
INSERT INTO `agent_dialogue` VALUES (24, 'AGENT-1741880475079', '嗯，这些建议都很实用，我完全赞同。特别是提前覆盖和搭建风障，这两个措施对于防止寒潮伤害真的很有效。增施有机肥也是个好办法，既能保暖又能提供营养，一举两得。\n\n关于浇水，我补充一点，确实要在寒潮来临前浇水，但是要确保土壤表面干燥后再进行覆盖，不然湿漉漉的土壤直接接触塑料薄膜或者防寒布，可能会导致冻害。\n\n修剪枝叶这个，我觉得要看具体情况，如果寒潮不是很严重，可能就不必太着急修剪，毕竟枝叶也是光合作用的重要部分。但如果寒潮很严重，那确实得剪掉一些，减少热量损失。\n\n耐寒品种的选择也很关键，这是从源头上解决问题，种植前就要考虑到当地的气候条件。\n\n最后，关注天气预报真的很重要，有时候防患于未然比事后补救要有效得多。总之，这些措施要根据实际情况灵活运用，希望你的菜地能顺利度过寒潮。有其他问题，随时交流哈！', NULL, '2025-03-14 00:27:10.145597', 'SIM-1741880356229');
INSERT INTO `agent_dialogue` VALUES (25, 'AGENT-1741882811281', '嗯，你说得真对！提前覆盖和搭建风障确实是我们防寒潮的两大法宝。有机肥那个，我也常用，确实能帮作物暖暖身子，还能提供营养，确实是一举两得。\n\n你提到的浇水那个点，我也同意。得让土壤表面干透了再覆盖，不然真有可能因为湿气太重，反而让作物受冻。\n\n至于修剪枝叶，你说的有道理，得看寒潮的情况。我一般是观察天气预报，如果寒潮看起来比较凶猛，我就会考虑剪掉一些，减少作物负担。确实，枝叶少了，光合作用会受影响，但总比整棵植株都受损强。\n\n选种这个，我是深有体会，选对品种，抗寒能力就强多了，种地也能更省心。\n\n最后，天气预报确实得时刻关注，毕竟天有不测风云，我们能做的也就是提前预防了。你说的这些措施，确实得根据实际情况来，灵活应对。\n\n如果将来遇到啥难题，或者有啥新点子，记得随时来交流哈！咱们农民之间，互相学习，互相帮助，这样才能种出更好的庄稼！', 'FARMER', '2025-03-14 00:27:18.253981', 'SIM-1741880356229');
INSERT INTO `agent_dialogue` VALUES (26, 'AGENT-1741882822195', '嗯，咱们这行，确实得互相交流学习。你说的这些措施，我都赞同。提前覆盖和搭建风障，这可是老祖宗留下来的好办法，确实管用。有机肥这块儿，我也常用，确实能让作物长得更壮实，抵抗力也强一些。\n\n浇水这个，确实得注意，不能让土壤太湿，不然冻害更严重。剪枝叶这个，我也同意你的看法，得根据寒潮的情况来，不能一刀切。有时候，适当减负，反而能让作物更好地恢复。\n\n选种这块儿，我也深有体会，选个适合本地气候的品种，种起来就是省心。而且，现在科技发展了，市面上也有很多新品种，抗病抗寒能力都很强，咱们也得跟上时代的步伐，试试这些新品种。\n\n至于天气预报，那绝对是咱们的好帮手，提前知道了天气变化，就能及时采取措施，减少损失。\n\n以后有啥问题，或者有啥新点子，记得及时分享哈！大家互相帮助，共同进步，种地才能更有干劲，收成也能越来越好！', 'FARMER', '2025-03-14 00:27:26.099132', 'SIM-1741880356229');
INSERT INTO `agent_dialogue` VALUES (27, 'AGENT-1741882987560', '哎，确实！种地这门学问，互相交流太重要了。你提到的这些措施，都是实打实的经验之谈。提前覆盖和搭风障，这可是咱们农民的智慧结晶，管用得很。\n\n有机肥这块儿，我也觉得是个宝，用得好，庄稼长得就是不一样。浇水这事儿，确实得注意分寸，湿度过大，确实容易出问题。\n\n剪枝叶，我同意你的看法，得看具体情况，不能盲目来。有时候，合理修剪，确实能帮作物更好地恢复。\n\n说到选种，我深有感触。选对品种，种地就成功了一半。现在科技发展快，新品种层出不穷，咱们确实得试试那些抗病抗寒的新品种，与时俱进嘛！\n\n天气预报，那是咱们的必备工具，提前知道了天气情况，就能及时应对，减少不必要的损失。\n\n以后有啥问题，或者有啥新点子，一定要分享出来，大家共同进步，种地这事儿，才能越做越好。我就经常跟周边的农户交流，互相学习，收成确实一年比一年好。咱们农民，就是要这样，互相扶持，共同发展！', 'FARMER', '2025-03-14 00:27:34.665505', 'SIM-1741880356229');
INSERT INTO `agent_dialogue` VALUES (28, 'AGENT-1741883009473', '哎，说得太对了！种地真是一门深学问，咱们得多交流，多分享经验。提前覆盖和搭风障，这可是老祖宗留下来的好办法，确实管用。有机肥这块儿，我也常用，确实能改善土壤，提高庄稼的抗病能力。\n\n浇水这事儿，确实得讲究个度，我一般都是看土壤情况和天气状况来决定啥时候浇，啥时候不浇。\n\n剪枝叶，我完全同意你的看法，具体情况具体分析，合理修剪对作物恢复确实有帮助。\n\n选种这块儿，我也觉得特别重要，选个好品种，收成就有了保障。我也喜欢尝试那些新品种，科技发展给咱们农民带来了不少好处啊！\n\n天气预报，那可是咱们的贴心小助手，有了它，咱们就能提前做好准备，减少损失。\n\n你说的分享问题和新点子，我也觉得特别重要。我有时候也会参加一些农业培训，跟专家和其他农户交流，确实能学到不少东西。咱们农民就是要互相帮助，共同进步，这样种地才能越来越有干劲，收成也才能一年比一年好！咱们一起加油吧！', 'FARMER', '2025-03-14 00:27:43.531632', 'SIM-1741880356229');
INSERT INTO `agent_dialogue` VALUES (29, 'AGENT-1741880418333', '要想提高农作物收成，可以从以下几个方面着手：\n\n1. **选择良种**：选择适应当地气候和土壤条件、抗病虫害能力强的优良品种，这对提高产量非常关键。\n\n2. **科学施肥**：根据土壤检测结果和作物需求，合理施用氮、磷、钾肥，同时注意补充中微量元素，避免过量或不足。\n\n3. **灌溉管理**：合理灌溉，避免水涝或干旱。在关键生长期，如开花结果期，要保证水分供应。\n\n4. **病虫害防治**：及时进行病虫害监测，采用物理、化学和生物方法综合防治。\n\n5. **田间管理**：适时中耕除草，保持土壤疏松，增强土壤透气性。\n\n6. **调整种植密度**：合理密植，根据作物种类和土壤肥力调整株距和行距。\n\n7. **修剪整枝**：对于一些作物，如果树，适时进行修剪整枝，可以调整生长势，提高光合效率。\n\n8. **收获时间**：选择合适的收获时间，过早或过晚都会影响产量和品质。\n\n9. **农业技术培训**：参加农业技术培训，了解最新的农业科技和种植技术。\n\n10. **轮作和间作**：合理轮作和间作，可以改善土壤结构，减少病虫害的发生。\n\n结合你的实际情况，你可以选择适合的方法来尝试，并不断调整优化，以达到提高收成的目的。如果需要更具体的建议，可以提供更多关于你种植的作物种类、所在地区等信息。', NULL, '2025-03-14 00:34:06.364842', 'SIM-1741880356229');
INSERT INTO `agent_dialogue` VALUES (30, 'AGENT-1741880475079', '嗯，你提到的这些方法都是挺有道理的。我赞同你的观点，尤其是选择良种和科学施肥这两点，真的是提高收成的关键。另外，病虫害防治也很重要，不及时处理的话，可能会造成很大的损失。\n\n关于灌溉管理，我觉得还得补充一点，就是要根据天气预报来调整灌溉计划，避免刚浇完水就下大雨，这样不仅浪费水资源，还可能引发病害。\n\n至于田间管理和修剪整枝，确实是门技术活，得根据不同作物的特性来操作。你提到的合理密植也很关键，不过这个得根据实际地块的情况来决定，不能一味地追求密植。\n\n收获时间这块，我也同意你的看法，时机真的很重要，不仅影响产量，还关系到作物的品质和储存期。\n\n至于农业技术培训和轮作间作，这些都是长期投资，可能短期内看不到效果，但对土壤健康和持续生产力的提升有很大帮助。\n\n所以，我的建议是，你可以根据自己实际情况，先从最容易实施的几项措施开始，比如科学施肥、病虫害防治和合理灌溉。同时，也可以逐步学习一些先进的农业技术，比如智能灌溉系统和精准农业技术，这些都能帮你更好地管理和提升农作物收成。别忘了，实践出真知，多尝试，多调整，总能找到最适合你的种植方法。', NULL, '2025-03-14 00:34:15.305686', 'SIM-1741880356229');
INSERT INTO `agent_dialogue` VALUES (31, 'AGENT-1741882811281', '嗯，你说得真对！选择良种和科学施肥确实是基础中的基础，这俩做好了，收成就成功了一半。病虫害防治也得跟上，不然一年的辛苦可能就白费了。\n\n你提到的灌溉管理，确实得看天气预报，我这儿也是，有时候浇水后紧接着一场大雨，那感觉真是够呛。所以，合理安排灌溉时间，既能省水，又能防病，这个细节很关键。\n\n田间管理和修剪整枝，确实是个技术活儿，我也得根据作物的情况来，比如果树就得按时疏花疏果，保证营养集中，这样才能结出好果子。\n\n收获时间这块，我完全同意你的看法，时机把握好了，不仅能提高产量，还能保证品质，这对我们农民来说，可是直接关系到收入的大事儿。\n\n至于农业技术培训和轮作间作，这可是长远打算。我这边也在慢慢尝试，虽然短期看不出啥效果，但为了土地能持续产出，这些投入是值得的。\n\n你的建议很好，我觉着可以先从你说的那几项容易实施的措施做起，一边做一边学。智能灌溉系统和精准农业技术，我也在关注，这些高科技玩意儿确实能帮大忙。咱们农民也得跟上时代，多尝试新东西，找到最适合自己的方法。说到底，种地还得靠实践，不断摸索，不断调整，总能找到最合适的那条路。', 'FARMER', '2025-03-14 00:34:24.741504', 'SIM-1741880356229');
INSERT INTO `agent_dialogue` VALUES (32, 'AGENT-1741882822195', '嗯，听你这么一说，我觉得你对自己的农场管理挺有一套的。选择良种和科学施肥确实重要，这就像是给庄稼打好基础，底子打牢了，庄稼自然长得壮实。\n\n病虫害防治这块儿，我也赞同你的观点，得勤观察，早预防，一旦发现有问题，得赶紧治。别等到病虫害大面积爆发了，那时候再治，成本就高了，效果也不一定好。\n\n灌溉管理这块，确实得看天吃饭，但是咱们也可以利用一些现代的技术手段，比如装个土壤湿度传感器，它能帮你实时监测土壤湿度，这样浇水就能更精准了。\n\n田间管理和修剪整枝，确实得根据作物特性来，这个活儿虽然细，但是做对了，对作物的生长帮助特别大。\n\n收获时间确实得好好把握，这事儿咱们得根据经验和科学数据来判断，不能光凭感觉。\n\n至于农业技术培训和轮作间作，我觉着你这个思路是对的，虽然短期看不见效果，但对土地的长期健康有好处。而且，现在国家也在提倡绿色农业，这些做法也符合这个趋势。\n\n你说的智能灌溉系统和精准农业技术，我也觉得是个趋势。我有个建议，可以先从小范围尝试，比如选一小块地儿，装上这些设备，看看效果怎么样，如果好，再逐步扩大规模。\n\n种地确实得靠实践，一边做一边总结经验，一边学习新技术，这样才能越种越好。咱们农民也要学会用科技武装自己，提高生产效率，这样才能在市场上更有竞争力嘛！', 'FARMER', '2025-03-14 00:34:35.435336', 'SIM-1741880356229');
INSERT INTO `agent_dialogue` VALUES (33, 'AGENT-1741882987560', '哎，你这话说到我心里去了！确实，咱们干农业的，得紧跟时代，科技这东西，真是帮了大忙。良种和科学施肥是基础，我这边也是，一直在找最适合咱们这儿土壤和气候的品种，效果确实不错。\n\n病虫害防治，我完全同意你说的，预防为主，防治结合。一旦发现有病虫害的苗头，那就得赶紧处理，别等到严重了，那就损失大了。\n\n灌溉管理这块，你提的这个土壤湿度传感器，我也在考虑装一些。咱们得跟上科技发展的步伐，精准灌溉，既省水又高效。\n\n田间管理和修剪整枝，这活儿确实得精细，我一般是请有经验的老手来帮忙，他们手把手教，效果确实不一样。\n\n收获时间，你说的对，不能光凭感觉，还得看数据，看天气，看作物成熟度，这样才能保证收成好，卖个好价钱。\n\n农业技术培训和轮作间作，我也觉得很有必要，虽然短期看不出效果，但对土地好，对长远发展也有利。绿色农业是大趋势，咱们得跟着国家的政策走。\n\n至于智能灌溉系统和精准农业技术，我支持你说的，先小范围试试水，如果效果真不错，再慢慢扩大。我这边也有这个打算，咱们可以交流交流，看看哪家产品好，性价比高。\n\n种地确实是门实践课，咱们得边干边学，边学边改进。用科技武装自己，提高效率，这样才能在市场上站住脚，对吧！咱们农民也要有前瞻性，不断创新，才能把这一行干得更好！', 'FARMER', '2025-03-14 00:34:48.055829', 'SIM-1741880356229');
INSERT INTO `agent_dialogue` VALUES (34, 'AGENT-1741883009473', '嗯，你说得太对了！农业这行，确实是得紧跟科技发展的步伐。良种和科学施肥，那是咱们提高产量的基石。我这边也是，一直在试验各种品种，找到最适合自个儿地的，那效果确实不一样。\n\n病虫害防治，我同意你的观点，预防为主，防治结合。发现病虫害，就得赶紧治，别拖。我常用的一些生物农药，效果不错，对环境还友好。\n\n灌溉管理这块，土壤湿度传感器确实是个好东西，能帮你省不少心，精准灌溉，效率高，还节水。\n\n田间管理和修剪整枝，这活儿确实得细致，有经验的老手带一带，确实能少走不少弯路。\n\n收获时间，你看，我也觉得得科学点，不能光凭感觉。我通常会根据作物的一些生理指标，再加上天气预报，来确定最佳收获期。\n\n农业技术培训和轮作间作，这是长远的投资，对土地好，对咱们的钱包也好。绿色农业，那是大势所趋，咱们得跟着政策走。\n\n智能灌溉系统和精准农业技术，我也打算试试。你说的对，先小范围试试，效果好再扩大。咱们可以多交流交流，看看哪家产品更适合咱们。\n\n种地确实是门实践课，咱们得不断学习，不断改进。科技这东西，用好了，真能帮咱们提高效率，站住脚。农民也得有前瞻性，不断创新，这样农业这行才能越干越好！', 'FARMER', '2025-03-14 00:34:58.809056', 'SIM-1741880356229');
INSERT INTO `agent_dialogue` VALUES (35, 'AGENT-1741880418333', '想要提高农作物收成，首先得从几个关键因素入手：\n\n1. **气候和天气管理**：作为气象学家，我建议你要密切关注当地的气候条件，合理规划种植时间，选择适合当地气候的作物种类。比如，如果你所在的地区雨水充沛，可以选择一些需水量较大的作物。\n\n2. **土壤管理**：改善土壤质量也很重要。可以通过土壤测试来了解土壤的养分状况，然后有针对性地施肥，保证作物生长所需的营养。\n\n3. **灌溉和水分管理**：保证作物生长期间有足够的水分，但也不能过多，避免水浸导致根系疾病。\n\n4. **病虫害防治**：定期检查作物，提前做好病虫害的防治工作。合理的农业措施和生物防治方法可以减少化学农药的使用，保护生态环境。\n\n5. **科学施肥**：合理使用化肥和有机肥，既可以提高产量，又能保护土壤。\n\n6. **良种选择**：选择适应当地环境、抗病性强的优良品种，这样也能提高产量。\n\n7. **农业技术**：可以适当引入一些现代农业技术，比如精准农业、智能灌溉系统等，这些都能帮助提升作物产量。\n\n8. **农业培训**：参加一些农业培训，了解最新的农业技术和信息，对提高收成也很有帮助。\n\n总之，提高农作物收成是一个系统工程，需要多方面综合考虑。希望我的建议能对你有所帮助！', 'METEOROLOGIST', '2025-03-14 00:40:43.815384', 'SIM-1741880356229');
INSERT INTO `agent_dialogue` VALUES (36, 'AGENT-1741880475079', '嗯，你提到的这些点都很重要，我完全赞同。尤其是土壤管理和良种选择，这两点对提高收成特别关键。我补充几点：\n\n1. **土壤健康**：除了测试和施肥，别忘了土壤的生物活性。多使用有机物料，比如农家肥、绿肥，可以增加土壤里的微生物，提高土壤的整体健康。\n\n2. **轮作制度**：合理轮作不仅能减少土传病害，还能改善土壤结构，避免土壤疲劳，对提高产量很有帮助。\n\n3. **农业技术**：确实，现代农业技术很给力。除了你说的精准农业，还可以试试看作物生长监测系统，实时了解作物生长状况，这样调整管理措施更及时。\n\n4. **田间管理**：田间操作也很重要，比如适时除草、合理修剪枝叶，这些都能减少养分损耗，让作物长得更好。\n\n5. **农业培训**：对，我也强烈推荐农业培训。有时候一些老方法不一定适用了，新的农业技术和管理方法能让我们少走弯路。\n\n总之，咱们农民朋友要不断学习，尝试新技术，但也得结合自己实际情况，不能盲目跟风。你说呢？', 'AGRONOMIST', '2025-03-14 00:40:51.802214', 'SIM-1741880356229');
INSERT INTO `agent_dialogue` VALUES (37, 'AGENT-1741882811281', '嗯，我完全同意你的观点！特别是土壤健康和轮作制度，这些都是提高作物产量和保持土壤可持续性的关键因素。\n\n1. **土壤健康**：你提到的增加有机物料，确实是个好方法。有机物料不仅能提高土壤微生物活性，还能改善土壤的物理性质，比如通气性和水保持能力，对作物生长大有裨益。\n\n2. **轮作制度**：我非常赞同轮作的重要性。它不仅能减少病虫害，还能帮助平衡土壤中的营养，减少对单一肥料的依赖。\n\n3. **农业技术**：作物生长监测系统确实是个好东西，可以帮助农民朋友们更准确地掌握作物生长状况，及时调整管理策略。这对于应对气候变化带来的不确定性也很有帮助。\n\n4. **田间管理**：除草和修剪枝叶这些工作看似简单，但实际上对作物的生长影响很大。合理的田间管理可以减少病虫害的发生，提高作物光合作用的效率。\n\n5. **农业培训**：没错，不断学习和更新知识是现代农业发展的趋势。新的技术和管理方法确实能帮助我们更有效地应对各种农业挑战。\n\n最后，我想补充一点，作为气象学家，我建议农民朋友们也要密切关注天气变化，利用气象预报合理安排农事活动。比如，在降水多的季节合理安排种植时间，或者在干旱季节提前做好灌溉计划。结合天气条件和现代农业技术，我们才能更好地提高作物产量，确保农业生产的稳定性。你说对吧？', 'METEOROLOGIST', '2025-03-14 00:41:01.579277', 'SIM-1741880356229');
INSERT INTO `agent_dialogue` VALUES (38, 'AGENT-1741882822195', '嗯，咱们聊的这些点都挺实在的。我作为农民，深有体会。土壤健康和轮作制度确实重要，我那块地就是用了有机肥，土质明显改善，产量也上去了。\n\n1. **土壤健康**：我同意，有机物料确实好使。我常用的办法就是秸秆还田，既环保又能改善土壤，一举两得。\n\n2. **轮作制度**：我这也在实行轮作，发现效果还真不错，病虫害少了，地力也保持得好。\n\n3. **农业技术**：说到技术，我最近也在研究那些监测系统，虽然投资有点大，但长远来看，应该能省不少心，还能提高产量。\n\n4. **田间管理**：田间管理这块儿，我也很重视。适时除草、修剪枝叶，确实能让作物长得更好。\n\n5. **农业培训**：对，我也觉得培训挺重要的，多学点总没坏处，能跟上时代嘛。\n\n最后，你提到的天气变化，这事儿我也特别注意。现在气候变化大，天气预报得常看，合理安排农事活动确实很关键。有时候早种几天，晚收几天，那产量差别可大了。\n\n总之，我觉得咱们得结合实际情况，科学种田，才能在这农业道路上越走越稳。你们说呢？', 'FARMER', '2025-03-14 00:41:11.207347', 'SIM-1741880356229');
INSERT INTO `agent_dialogue` VALUES (39, 'AGENT-1741882987560', '嗯，兄弟你说得真对！我这边也是这么干的。土壤健康是基础，用了有机肥和秸秆还田，土壤确实变得更肥沃了。\n\n1. **土壤健康**：秸秆还田这个办法确实好，既环保又能提高土壤质量，我也常用这招。\n\n2. **轮作制度**：轮作这个事儿，我是深有感触。不仅能减少病虫害，还能让土地喘口气，对保持地力确实有帮助。\n\n3. **农业技术**：说到农业技术，我觉着投资监测系统是值得的。长远来看，这能帮咱们更精准地管理农田，提高产量。\n\n4. **田间管理**：除草、修剪枝叶这些活儿，看起来小，但影响大。我一般都会按时做，作物长得确实更壮实。\n\n5. **农业培训**：我也觉得培训很重要，学到了新知识，用到地里头，那效果是看得见的。\n\n至于天气变化，我天天都得看天气预报，气候变化对农事影响太大了。确实得根据天气合理安排，种地和收成的时候差几天，产量差别是真的大。\n\n总之，咱们农民得科学种田，结合实际情况，不断学习新技术，才能在这行稳扎稳打。你说得挺实在，我觉得咱们都得这么做，才能种出好庄稼，有个好收成！', 'FARMER', '2025-03-14 00:41:20.885853', 'SIM-1741880356229');
INSERT INTO `agent_dialogue` VALUES (40, 'AGENT-1741883009473', '嗯，听你这么说，我觉得你已经在实践中掌握了很多科学的农业管理方法，这真是太好了！我完全赞同你的做法和观点。\n\n1. **土壤健康**：秸秆还田确实是个好办法，对土壤健康大有裨益。你也可以尝试添加一些微生物肥料，促进土壤微生物的活性，进一步提高土壤质量。\n\n2. **轮作制度**：轮作确实是减少病虫害，保持地力的有效手段。你可以根据当地的具体情况，设计出最适合你农田的轮作计划。\n\n3. **农业技术**：投资监测系统是值得的，但是也要考虑成本效益比。可以先从小规模的试点开始，逐步扩大应用范围。\n\n4. **田间管理**：除草和修剪枝叶这些细节工作确实很重要，我也建议你继续坚持下去。适时适量的管理，对作物生长非常关键。\n\n5. **农业培训**：不断学习新知识是非常必要的，农业技术日新月异，通过培训可以让你掌握更多提高产量的技巧。\n\n至于天气变化，确实，气候变化对农事活动影响深远。你天天关注天气预报的做法非常好，这样可以更好地应对气候变化带来的不确定性。\n\n最后，我想说的是，科学种田是现代农业的趋势，你已经在正确的道路上。继续结合实际情况，不断尝试新技术，优化管理方法，相信你一定能够种出更好的庄稼，获得更稳定的收成！加油！', 'AGRONOMIST', '2025-03-14 00:41:32.698095', 'SIM-1741880356229');
INSERT INTO `agent_dialogue` VALUES (41, 'AGENT-1741880418333', '想要提高农作物收成，首先得从几个关键方面着手：\n\n1. **合理施肥**：根据你种植的作物和土壤的具体情况，合理施用氮、磷、钾肥，还可以考虑增施有机肥和微量元素，这样能保证植物生长所需的营养。\n\n2. **灌溉管理**：要确保作物在关键生长期有足够的水分，同时避免过度灌溉导致根系病害。\n\n3. **病虫害防治**：定期观察作物，一旦发现病虫害迹象，要及时采取措施防治，以免影响作物生长和收成。\n\n4. **耕作技术**：采用科学的耕作技术，比如轮作、深翻等，有助于保持土壤肥力和结构。\n\n5. **选用良种**：选择适应当地气候、土壤条件，且抗病性、产量高的品种。\n\n6. **气候变化**：作为气象专家，我建议你多关注天气变化，适时调整种植计划。比如，在干旱季节采取节水措施，在多雨季节注意排水防涝。\n\n7. **修剪管理**：对于一些果树或者藤本作物，合理的修剪可以促进通风透光，减少病虫害，提高产量。\n\n8. **农业技术培训**：参加一些农业技术培训，了解最新的农业种植技术和管理方法。\n\n总之，提高农作物收成是一个系统工程，需要从多方面综合考虑和操作。同时，也要注意可持续农业的发展，保护环境，合理利用资源。你有什么具体的作物或者遇到的问题吗？我可以给出更具体的建议。', 'METEOROLOGIST', '2025-03-14 00:48:34.670655', 'SIM-1741880356229');
INSERT INTO `agent_dialogue` VALUES (42, 'AGENT-1741880475079', '嗯，前面提到的几点都非常重要，我完全赞同。要提升收成，确实得从这些基础工作做起。我补充几点：\n\n1. **土壤检测**：在施肥前，最好先做一下土壤检测，这样更能针对性地调整施肥种类和量，避免浪费，也减少对环境的负担。\n\n2. **灌溉技术的选择**：现在滴灌、喷灌这些节水灌溉技术挺流行的，不仅省水，还能减少病害的发生，可以考虑一下。\n\n3. **病虫害防治**：我同意要定期观察，但还可以考虑用一些生物防治的方法，比如引入害虫的天敌，这样更环保，也能减少化学农药的使用。\n\n4. **轮作和间作**：轮作确实好，间作也不妨一试。不同的作物混种，有时候能互相促进生长，还能减少单一作物的病虫害风险。\n\n5. **良种的更新**：别忘了，良种也是需要更新的，随着科技的进步，新品种会不断出现，要关注这些信息，适时更新。\n\n6. **气候变化**：对，气候变化对农业影响很大，可以考虑购买农业保险，以防不测天气带来的损失。\n\n如果你有具体的作物或问题，我们再来具体分析。比如你种的是粮食作物、蔬菜还是经济作物，每种作物的管理重点都不太一样。你说说看，我们一起探讨。', 'AGRONOMIST', '2025-03-14 00:48:43.702302', 'SIM-1741880356229');
INSERT INTO `agent_dialogue` VALUES (43, 'AGENT-1741882811281', '嗯，你说的这些补充点我也很赞同。作为气象学家，我特别想强调气候变化对农业的影响。确实，现在气候变化越来越显著，极端天气事件也越来越多，这对农业生产是个很大的挑战。\n\n1. **土壤检测**：这个建议非常好，土壤是作物生长的基础，了解土壤状况对合理施肥至关重要。\n\n2. **灌溉技术**：滴灌和喷灌确实是个好选择，不仅节水，还能根据作物需水量进行精准灌溉，这对应对气候变化带来的不确定降水非常有帮助。\n\n3. **病虫害防治**：生物防治是个趋势，环保又有效，确实值得推广。\n\n4. **轮作和间作**：我同意，这样的做法可以提高土壤的多样性，减少病虫害，也有助于提高作物的整体抗风险能力。\n\n5. **良种更新**：这个我也同意，良种的更新换代对提高产量和抗逆性很有帮助。\n\n6. **气候变化**：关于这一点，我想补充的是，除了购买农业保险，农民朋友们还应该关注天气预报，特别是极端天气的预警信息。比如，提前做好防旱、防雨、防寒等措施，可以最大限度地减少气候变化带来的损失。\n\n如果你能提供更多关于你所在地区的气候特点或者具体作物信息，我可以根据这些情况给出一些建议，比如如何调整种植时间，选择更适合的抗旱或抗寒作物品种等。这样我们就能更具体地讨论如何应对气候变化的挑战了。', 'METEOROLOGIST', '2025-03-14 00:48:53.882030', 'SIM-1741880356229');
INSERT INTO `agent_dialogue` VALUES (44, 'AGENT-1741882822195', '嗯，你说得真对，气候变化这块儿确实对咱农民影响挺大。我种的是小麦和玉米，咱们这儿夏天热，冬天冷，气候变化让天气更不稳定了，对作物生长是个考验。\n\n1. 土壤检测：我去年就开始做土壤检测了，确实有用，施肥更精准了，成本也降低了不少。\n\n2. 灌溉技术：滴灌我试过，确实节水，就是设备投入大了一些。但是长远来看，还是划算的，特别是现在天气这么不稳定。\n\n3. 病虫害防治：生物防治我一直在用，效果不错，就是得提前规划，不能临时抱佛脚。\n\n4. 轮作和间作：这个我也在实践，确实能减少病虫害，土壤也更有活力了。\n\n5. 良种更新：我每年都关注新品种，选那些适合本地气候的，产量高的。\n\n6. 气候变化：对，我每天都看天气预报，提前做好防备工作。农业保险也在考虑，得找个合适的。\n\n针对你说的调整种植时间和选品种，我这边也在摸索。比如，我打算根据气候变化的趋势，适当提前播种，选一些生长期短的品种，以防后期遇到极端天气。你有什么具体的建议吗？特别是在品种选择和种植时间上，能给点专业的意见不？', 'FARMER', '2025-03-14 00:49:03.452190', 'SIM-1741880356229');
INSERT INTO `agent_dialogue` VALUES (45, 'AGENT-1741882987560', '嗯，听你这么说，你已经在很多方面做得挺专业的了，真不错！\n\n关于小麦和玉米的种植，我给你几点建议：\n\n1. **品种选择**：对于小麦和玉米，确实得选那些适应性强、生长期适中的品种。你可以跟当地的农业技术推广部门咨询，他们通常会有最新的品种信息和推荐。现在有些新品种对干旱、高温或者低温的抗性更强，适合咱们这气候变化大的情况。\n\n2. **种植时间**：提前播种是个好办法，但也要注意，太早了可能会遇到春寒，影响出苗。你可以根据往年的气候数据和今年的天气预报，适当提前，比如提前一周左右。同时，要注意土壤温度，至少要达到种子发芽的最低温度要求。\n\n3. **灌溉技术**：滴灌确实是个好东西，虽然初期投入大，但长远来看，节水又节肥，对作物还更好。如果资金有限，可以先小面积试点，逐步扩大。\n\n4. **病虫害防治**：生物防治坚持下去是对的，但也要注意，不同的生长阶段可能需要不同的防治方法。可以多跟有经验的农技人员交流，学习他们的经验。\n\n5. **轮作和间作**：这个方法真挺有效的，能改善土壤结构，减少病虫害。你可以根据当地的实际情况，试试看哪种轮作或间作模式最适合你。\n\n6. **农业保险**：这个事儿得认真考虑，现在天气这么不稳定，有个保障心里踏实。选保险时，要仔细看条款，找那种覆盖面广、赔付快的。\n\n总之，农业这行，得跟着气候和市场走，灵活调整。希望我的建议对你有所帮助！', 'FARMER', '2025-03-14 00:49:15.056282', 'SIM-1741880356229');
INSERT INTO `agent_dialogue` VALUES (46, 'AGENT-1741883009473', '嗯，我完全赞同你之前的建议，特别是品种选择和种植时间上的考量，这些都是提高作物产量和抗风险能力的关键因素。\n\n1. **品种选择**：确实，选择适合当地气候的品种至关重要。我建议你还可以考虑一下品种的抗病性和适应性，有时候这些特性比单纯的产量更重要。\n\n2. **种植时间**：你对播种时间的建议很专业。我补充一点，除了气候和土壤温度，还要关注当地的农业气象预报，这样可以更准确地判断播种的最佳时机。\n\n3. **灌溉技术**：滴灌是个趋势，确实值得投资。如果你担心成本，可以先从小面积开始，逐步扩大，同时也可以看看是否有政府补贴或者贷款政策支持。\n\n4. **病虫害防治**：我同意，生物防治是个好方法，环保又有效。你可以结合物理防治和化学防治，形成一个综合的病虫害管理体系。\n\n5. **轮作和间作**：这个我也强烈推荐。你可以根据自己的实际情况，尝试不同的轮作和间作模式，找到最适合自己田块的搭配方式。\n\n6. **农业保险**：现在气候变化这么不稳定，农业保险确实是一个很好的风险转移工具。选择保险时，除了看赔付速度和覆盖范围，还要注意保险的条款细节，确保自己的利益最大化。\n\n最后，我想说的是，农业是个长期投资，需要耐心和细心。你现在已经做得很好了，继续保持，多学习，多尝试，相信会有不错的收成。如果有什么新的问题或者挑战，随时可以来交流。加油！', 'AGRONOMIST', '2025-03-14 00:49:25.907421', 'SIM-1741880356229');
INSERT INTO `agent_dialogue` VALUES (47, 'AGENT-1741880418333', '要想提高农作物收成，你可以考虑以下与气象条件相关的几点建议：\n\n1. 选择合适的作物种类：根据你所在地区的气候条件，选择那些适应性强的作物种类，这样即使在不太理想的天气条件下也能获得相对稳定的产量。\n\n2. 关注天气预报：合理安排农作物的种植时间，避免在极端天气时期播种或收割，比如高温、干旱或洪涝等。\n\n3. 灌溉管理：根据天气情况调整灌溉计划，干旱时期要确保作物获得足够的水分，同时避免水分浪费。\n\n4. 土壤管理：改善土壤结构，增加有机质含量，这有助于土壤保持水分，减少蒸发，提高作物对不良天气的抵抗力。\n\n5. 采用农业科技：比如使用温室技术、地膜覆盖等方法，可以在一定程度上屏蔽不利的天气影响，创造更适宜作物生长的环境。\n\n6. 防灾减灾措施：针对可能发生的气象灾害，如台风、冰雹等，采取相应的防范措施，比如搭建防风支架、安装防雹网等。\n\n7. 适应气候变化：长期观察气候变化趋势，调整种植模式和作物种类，以适应逐渐变化的气候条件。\n\n通过这些方法，你可以在一定程度上克服天气条件对农作物收成的不良影响，提高产量。', 'METEOROLOGIST', '2025-03-14 00:55:58.521472', 'SIM-1741880356229');
INSERT INTO `agent_dialogue` VALUES (48, 'AGENT-1741880475079', '了解了您的情况和之前的建议，如果需要进一步的具体指导，我可以提供以下专业建议：\n\n- 实施精准农业技术，比如使用土壤和作物传感器来监测水分、养分和病虫害状况，以便及时调整管理措施。\n- 推广作物轮作和间作制度，这有助于改善土壤健康，减少病虫害的发生，从而提高产量。\n- 应用植物生长调节剂和生物肥料，以促进作物生长和增强其抗逆性。\n- 考虑采用滴灌或微灌等节水灌溉技术，以提高灌溉效率。\n- 定期对土壤进行检测，根据检测结果调整施肥计划，确保作物获得适量的营养。\n- 参与农业培训和研讨会，了解最新的农业技术和最佳实践。\n\n通过这些综合措施，您可以进一步提升农作物产量，实现更高的收成。', 'AGRONOMIST', '2025-03-14 00:56:04.437599', 'SIM-1741880356229');
INSERT INTO `agent_dialogue` VALUES (49, 'AGENT-1741882811281', '作为气象学家，我建议您在实施上述措施的同时，也要密切关注以下气象方面的具体操作：\n\n- 利用气候模型和长期天气数据来预测季节性气候趋势，以便更好地规划种植周期。\n- 安装气象站或使用附近的气象服务数据，实时监测气温、降水、风速等关键气象参数，以便快速响应天气变化。\n- 根据天气预报中极端天气事件的预警，及时采取保护措施，如提前收割或覆盖作物以避免损失。\n- 分析历史天气数据，了解当地的小气候特点，优化作物布局和灌溉策略。\n- 与当地气象部门合作，获取个性化的农业气象咨询服务，以获得更专业的指导和建议。\n\n通过结合气象数据和农业管理实践，您可以更有效地应对天气挑战，从而提高农作物产量。', 'METEOROLOGIST', '2025-03-14 00:56:10.140521', 'SIM-1741880356229');
INSERT INTO `agent_dialogue` VALUES (50, 'AGENT-1741882822195', '好的，我明白了这些建议。我会根据我们这里的气候条件和天气预报来选择适合的作物种类，并合理安排种植时间。我也会注意土壤和灌溉管理，考虑采用滴灌等技术来提高效率。对于精准农业技术和作物轮作、间作制度，我会去了解更多相关信息，并尝试实施。同时，我会密切关注气象数据，利用气候模型来规划种植周期，并安装气象站来监测天气变化。如果遇到极端天气预警，我会及时采取保护措施。谢谢你们的建议，我会努力提高我的农作物收成。', 'FARMER', '2025-03-14 00:56:14.825521', 'SIM-1741880356229');
INSERT INTO `agent_dialogue` VALUES (51, 'AGENT-1741882987560', '听起来您已经有一个很好的计划了。如果您在实施这些措施时需要任何帮助或者有疑问，随时可以咨询。另外，如果您在寻找有关精准农业技术、作物轮作和间作制度的具体资源或供应商，我可以帮助您联系相关专家或推荐一些可靠的产品和服务。祝您种植顺利，收成丰收！', 'FARMER', '2025-03-14 00:56:18.241447', 'SIM-1741880356229');
INSERT INTO `agent_dialogue` VALUES (52, 'AGENT-1741883009473', '非常好，您已经制定了详细的行动计划，这是提高农作物产量的关键。如果您在实施精准农业技术、灌溉系统升级、作物轮作或间作制度时遇到任何具体问题，我可以提供以下帮助：\n\n1. 提供具体的作物管理建议，包括病虫害防治和肥料施用策略。\n2. 推荐适合您所在地区的精准农业技术和设备供应商。\n3. 根据您的土壤和气候条件，提供作物轮作和间作的最佳实践指导。\n4. 分析您的气象数据，帮助您更好地理解气候趋势对作物生长的影响。\n5. 提供有关如何优化灌溉策略的咨询，包括滴灌系统的设计和实施。\n\n请随时联系我，我会根据您的需求提供专业的农业技术咨询和支持。祝您种植季节一切顺利！', 'AGRONOMIST', '2025-03-14 00:56:24.257276', 'SIM-1741880356229');
INSERT INTO `agent_dialogue` VALUES (53, 'AGENT-1741880418333', '作为气象学家，我很高兴看到您已经采取了一系列积极主动的措施来提高农作物产量。如果您需要进一步的帮助，我会随时准备提供以下支持：\n\n- 详细的气象数据分析，以帮助您更好地理解气候模式。\n- 定制化的农业气象预报服务，以指导您的种植和灌溉决策。\n- 在实施精准农业技术时，提供如何结合气象数据进行决策的咨询。\n- 针对作物轮作和间作制度，提供基于气候适应性的建议。\n- 在遇到极端天气预警时，协助您制定和实施应急计划。\n\n请随时与我联系，我将根据您的具体需求提供专业的气象学建议和解决方案。祝您农业生产取得成功！', 'METEOROLOGIST', '2025-03-14 00:56:29.635788', 'SIM-1741880356229');
INSERT INTO `agent_dialogue` VALUES (54, 'AGENT-1741880475079', '非常感谢您的积极反馈和专业支持。我会在实施计划过程中遇到具体问题时联系您。目前，我特别感兴趣的是精准农业技术的应用和作物轮作间作的最佳实践指导。如果您能提供相关资源的联系方式或者推荐一些供应商，我将不胜感激。同时，我也希望能够得到有关气象数据分析的帮助，以便更好地调整我的种植和灌溉策略。期待您的进一步指导，共同为提高农作物产量而努力。', 'AGRONOMIST', '2025-03-14 00:56:33.530902', 'SIM-1741880356229');
INSERT INTO `agent_dialogue` VALUES (55, 'AGENT-1741882811281', '当然，我很高兴能够协助您。以下是针对您需求的建议和联系方式：\n\n1. **精准农业技术和设备供应商**：\n   - **联系当地农业大学或研究机构**，他们通常与业界合作，能够推荐适合您所在地区的精准农业技术和设备供应商。\n   - **参加农业展览会和研讨会**，这些活动能让你直接与供应商接触，了解最新的技术和产品。\n\n2. **作物轮作和间作的最佳实践指导**：\n   - **咨询当地农业推广服务部门**，他们可以提供基于当地气候和土壤条件的具体建议。\n   - **查阅专业农业期刊和在线资源**，如《农业科学》或FAO（联合国粮食及农业组织）发布的指导手册。\n\n3. **气象数据分析**：\n   - **联系我**，我将根据您提供的具体信息，提供定制的气象数据分析。\n   - **使用在线气象服务**，如Weather Underground、AccuWeather等专业网站，它们提供的历史数据和预报工具也能帮助您调整种植和灌溉策略。\n\n如果您需要更详细的联系方式或具体的供应商推荐，请告知我您所在的地区，我会尽力提供更具体的帮助。期待与您合作，共同提升农作物产量。', 'METEOROLOGIST', '2025-03-14 00:56:42.273374', 'SIM-1741880356229');
INSERT INTO `agent_dialogue` VALUES (56, 'AGENT-1741882822195', '非常感谢您的建议和资源提供。我会尽快联系当地的农业大学和农业推广服务部门，了解他们推荐的精准农业技术和设备供应商，并参加即将到来的农业展览和研讨会。同时，我也会查阅相关的农业期刊和FAO发布的资源，学习作物轮作和间作的最佳实践。\n\n关于气象数据分析，我会与您保持联系，根据您的指导来调整我的种植和灌溉策略。此外，我也会关注Weather Underground和AccuWeather等在线气象服务，以获取更多相关信息。\n\n再次感谢您的帮助。我所在的地区是[具体地区]，如果可能的话，请您提供一些该地区的具体供应商联系方式，我将不胜感激。期待与您的合作，共同为提高农业产量而努力。', 'FARMER', '2025-03-14 00:56:48.219381', 'SIM-1741880356229');
INSERT INTO `agent_dialogue` VALUES (57, 'AGENT-1741882987560', '很高兴看到您已经有了明确的行动计划。我会在接下来的时间里为您查找[具体地区]的精准农业技术和设备供应商的联系方式。一旦找到相关信息，我会立即与您分享。\n\n同时，我也会继续关注您的气象数据分析需求。如果您有任何具体的问题或需要进一步的帮助，请随时告知我。\n\n期待我们的合作能够帮助您在农业生产上取得更大的成功！请保持联系。', 'FARMER', '2025-03-14 00:56:52.494475', 'SIM-1741880356229');
INSERT INTO `agent_dialogue` VALUES (58, 'AGENT-1741883009473', '非常感谢您提供具体的地区信息。我将会根据您所在的[具体地区]进行以下行动：\n\n1. **精准农业技术和设备供应商联系信息**：我将为您查询当地可靠的精准农业技术和设备供应商的联系方式，并尽快将这些信息分享给您。\n\n2. **气象数据分析**：我将准备好根据您提供的位置信息进行气象数据分析，以便为您提供定制化的种植和灌溉建议。\n\n3. **作物轮作和间作实践**：我也会继续关注任何关于作物轮作和间作的新信息或最佳实践，并在有相关资料时及时通知您。\n\n请您保持联系，并随时告知我您在实施计划过程中遇到的任何问题或需求。我期待我们的合作能够为您的农业生产带来积极的改变。祝您种植顺利！', 'AGRONOMIST', '2025-03-14 00:56:59.204527', 'SIM-1741880356229');
INSERT INTO `agent_dialogue` VALUES (59, 'AGENT-1741880418333', '我会密切关注您的进展，并期待您在联系当地农业大学和农业推广服务部门后分享您的发现。一旦您需要具体的供应商联系方式或有任何关于气象数据分析的问题，请立即与我联系。我将在准备好相关信息后及时与您沟通。祝您在农业展览和研讨会中获得丰富的知识和资源。我们共同努力，为您的农业生产提供最佳的支持。', 'METEOROLOGIST', '2025-03-14 00:57:03.374239', 'SIM-1741880356229');
INSERT INTO `agent_dialogue` VALUES (60, 'AGENT-1741880475079', '感谢您的持续关注和支持。我会在与当地农业大学和农业推广服务部门交流后，及时向您反馈我的发现。一旦遇到任何需要解决的问题或需要具体的供应商联系方式，我会立即与您联系。同时，我也期待您的气象数据分析结果，相信这将对我的种植决策提供重要帮助。再次感谢您的专业指导，期待我们的合作能够促进农业生产的成功。我会持续更新进展，也祝您工作顺利！', 'AGRONOMIST', '2025-03-14 00:57:08.464960', 'SIM-1741880356229');
INSERT INTO `agent_dialogue` VALUES (61, 'AGENT-1741882811281', '非常好，我很高兴看到我们的合作正在有序进行。请您在获取了精准农业技术和设备供应商的信息后，尽快与我分享，我会根据这些信息为您提供进一步的气象数据分析。同时，如果您在农业展览和研讨会中遇到了任何值得探讨的新技术或新方法，也欢迎随时交流。我会持续关注您的进展，并准备好在您需要时提供专业的气象学支持。祝您的农业生产取得丰硕的成果！', 'METEOROLOGIST', '2025-03-14 00:57:13.256813', 'SIM-1741880356229');
INSERT INTO `agent_dialogue` VALUES (62, 'AGENT-1741882822195', '好的，我会在联系了当地农业大学和农业推广服务部门后，及时向您提供我获取的精准农业技术和设备供应商的信息。同时，我也会关注农业展览和研讨会中的新技术和方法，并随时与您交流。一旦我有任何关于气象数据分析的问题或需要进一步的支持，我一定会联系您。非常感谢您的帮助，期待我们的合作能够带来丰收的成果！', 'FARMER', '2025-03-14 00:57:18.163378', 'SIM-1741880356229');
INSERT INTO `agent_dialogue` VALUES (63, 'AGENT-1741882987560', '太好了，我期待您的消息，并很高兴知道您将分享精准农业技术和设备供应商的信息。我也会留意您在农业展览和研讨会中了解到的任何新技术和方法。如果您有任何疑问或需要进一步的帮助，请随时告知。让我们共同努力，希望今年能有个好收成！祝您一切顺利！', 'FARMER', '2025-03-14 00:57:22.684674', 'SIM-1741880356229');
INSERT INTO `agent_dialogue` VALUES (64, 'AGENT-1741883009473', '非常感谢您的积极沟通和合作态度。我期待您分享的精准农业技术和设备供应商信息，这将有助于我们进一步优化农业生产策略。如果您在农业展览和研讨会中发现了任何创新技术或方法，请随时与我分享，我们可以一起探讨它们在您农场中的应用潜力。请您随时联系我，我将为您的气象数据分析提供支持，并解答您可能遇到的任何问题。祝您今年的农业生产取得圆满成功！', 'AGRONOMIST', '2025-03-14 00:57:27.436332', 'SIM-1741880356229');
INSERT INTO `agent_dialogue` VALUES (65, 'AGENT-1741880418333', '要提升农作物收成，可以从几个方面着手：\n\n1. **改良种植技术**：选择适合当地气候和土壤条件的作物品种，使用科学的种植方法，比如适时播种、合理密植等。\n\n2. **施肥管理**：根据土壤检测结果，合理施用化肥和有机肥，补充作物生长所需的营养。\n\n3. **灌溉管理**：合理安排灌溉，保证作物生长关键期水分的供应，避免干旱或水涝。\n\n4. **病虫害防治**：密切关注作物生长状况，提前做好病虫害的防治工作，减少因病虫害造成的损失。\n\n5. **天气因素**：作为气象专家，我建议你多关注天气预报，合理安排农事活动。比如在雨季前播种，可以充分利用自然降水；在霜冻来临前采取措施保护作物等。\n\n6. **农业机械**：合理使用农业机械，提高劳动效率，减少人力成本，同时也能更精准地进行农事操作。\n\n7. **农业科技**：可以尝试引入一些先进的农业科技，比如智能灌溉系统、精准农业技术等，以提高作物产量。\n\n总之，要想提高农作物收成，需要综合考虑多种因素，科学管理，合理规划。同时，作为农业生产的参与者，要不断学习和实践，掌握最新的农业技术和管理方法。你有什么具体的作物或者遇到的问题吗？我可以根据具体情况给出更具体的建议。', 'METEOROLOGIST', '2025-03-14 01:10:40.743509', 'SIM-1741880356229');
INSERT INTO `agent_dialogue` VALUES (66, 'AGENT-1741880475079', '嗯，你说的这些点都非常重要，我完全赞同。特别是改良种植技术和施肥管理，这些都是提高收成的关键因素。合理密植和适时播种，这两点对于作物生长特别重要，不能忽视。\n\n关于施肥，确实是要根据土壤检测结果来，不能盲目施肥，否则既浪费钱，又可能对环境造成伤害。\n\n灌溉管理也很关键，我补充一点，就是要根据作物的需水量和当地的实际情况，合理安排灌溉，避免过度灌溉导致土壤盐渍化。\n\n病虫害防治那块，我建议可以尝试一下生物防治，减少化学农药的使用，这样对环境和人体都更健康。\n\n至于农业机械和农业科技，确实能大大提高效率，但也要考虑成本和实际操作的便利性。不是所有的农业科技都适合每个农场，得根据具体情况来选择。\n\n如果你能具体告诉我你种的是哪种作物，或者遇到了什么具体问题，比如土壤贫瘠、病虫害严重等，我可以给你更针对性的建议。毕竟，农业这行，因地制宜很重要。', 'AGRONOMIST', '2025-03-14 01:10:47.705043', 'SIM-1741880356229');
INSERT INTO `agent_dialogue` VALUES (67, 'AGENT-1741882811281', '嗯，你说的真是一点都没错！作为气象学家，我要强调天气和气候对农业的影响。合理密植和适时播种确实重要，但这都得基于对当地气候的深入了解。比如，你得知道什么时候是当地的平均降雨期，什么时候可能会有干旱，这样你才能更好地规划你的灌溉计划。\n\n而且，关于病虫害防治，气候条件也会影响害虫和病菌的活动。比如，湿度高的时候，可能真菌病害就会更严重一些。所以，要根据天气预报来提前做好防治工作。\n\n至于你提到的生物防治，我非常赞同。这不仅对环境友好，还能减少对化学农药的依赖。但是，这也需要考虑到当地的气候条件，因为不同的气候对生物防治的效果影响也很大。\n\n至于农业机械和科技，确实是要根据实际情况来选择。不过，我想补充的是，现在有很多智能农业设备能够根据天气数据自动调整灌溉和施肥，这也能大大提高效率和减少资源浪费。\n\n如果你能告诉我具体的作物和遇到的问题，我会结合天气数据给你更具体的建议。毕竟，天气是农业生产的“晴雨表”，把握好了天气，就等于抓住了增产的钥匙。', 'METEOROLOGIST', '2025-03-14 01:10:55.628828', 'SIM-1741880356229');
INSERT INTO `agent_dialogue` VALUES (68, 'AGENT-1741882822195', '嗯，你说得太对了！天气这事儿对咱们农民来说真是太重要了。我种的是小麦，这几年吧，有时候雨水太多，有时候又旱得要命，真是让人头疼。我这边的问题主要是，有时候不知道该什么时候开始防治病虫害，总怕错过了最佳时机。\n\n我赞同你提到的生物防治，确实是个好办法，对环境也好。但是实施起来，我得看到实实在在的效果才放心。你说的那些智能农业设备听起来挺高大上的，我这儿也得考虑一下成本和操作起来是不是方便。\n\n所以，我想问问你，对于小麦这种作物，在咱们这儿的气候条件下，你有没有什么特别的建议？比如，在灌溉和施肥方面，我应该怎么根据天气变化来调整？还有，生物防治这块，具体该怎么做才能既环保又有效呢？要是能给我点具体的操作建议，那就太感谢了！', 'FARMER', '2025-03-14 01:11:02.073141', 'SIM-1741880356229');
INSERT INTO `agent_dialogue` VALUES (69, 'AGENT-1741882987560', '是啊，天气这事儿对咱们农民来说真是关键。我种小麦也有年头了，针对你说的这些问题，我给几点建议：\n\n1. **灌溉方面**：小麦生长期，特别是拔节到抽穗这段时间，对水分需求量大。你可以根据天气预报，提前做好灌溉计划。如果预报说接下来会有一段干旱期，那咱们就得提前浇水，保证小麦生长所需的水分。相反，如果预报显示雨水多，那就可以适当减少灌溉，防止水涝。\n\n2. **施肥管理**：施肥也要看天气。一般来说，阴雨天或者傍晚时候施肥，肥料不容易挥发，利用率更高。而且，你要是根据天气预报，在下雨前施肥，还能利用雨水帮助肥料渗透，一举两得。\n\n3. **生物防治**：这事儿得慢慢来，咱们可以先从一小块地开始试验，比如用一些天然的生物农药，或者引入一些害虫的天敌。你可以找当地的农业技术推广部门咨询，他们通常有具体的指导和建议。环保又有效的方法，像利用性信息素干扰害虫交配，或者种植一些能驱虫的作物做伴种，都是不错的选择。\n\n4. **智能农业设备**：确实，高大上的设备成本高，但是长远来看，它们能帮咱们省不少心。你可以先从成本较低的设备开始，比如土壤湿度传感器，能帮你实时监测土壤水分，这样浇水施肥心里就有数了。\n\n5. **防治时机**：至于防治病虫害的最佳时机，一般来说，要在病虫害发生初期就采取措施。你可以定期去田里检查，一旦发现病虫害迹象，就及时处理。另外，现在有很多手机应用能根据你的地理位置提供农事建议，包括病虫害防治的最佳时期，你也可以试试。\n\n总之，农业这事儿得细心，多观察，多学习，希望我的建议对你有所帮助！', 'FARMER', '2025-03-14 01:11:15.005757', 'SIM-1741880356229');
INSERT INTO `agent_dialogue` VALUES (70, 'AGENT-1741883009473', '嗯，你提的建议都很实在，我完全同意。特别是灌溉和施肥那块，确实得根据天气情况来灵活调整。我补充几点：\n\n1. **灌溉**：小麦生长中后期确实需要水，但也要注意别过度灌溉，避免引起土壤病害。可以试试分阶段灌溉，比如“轻灌多次”，这样既满足了小麦的需求，又能节省水资源。\n\n2. **施肥**：你说的施肥时机很对，阴雨天或者傍晚确实是个不错的选择。不过，还得注意肥料的种类和配比，氮肥、磷肥、钾肥要均衡，避免过量施用氮肥导致小麦贪青。\n\n3. **生物防治**：我特别赞同你提到的生物防治方法，确实值得尝试。开始可以先小面积试验，如果效果好，再逐步扩大应用范围。而且，这事儿还得结合当地的农业生态，选择合适的生物农药和天敌。\n\n4. **智能农业设备**：智能设备确实能帮大忙，但现在市面上产品多，选择的时候得擦亮眼睛，选性价比高的。可以先从简单的传感器开始，逐步了解和掌握智能农业的技术。\n\n5. **防治时机**：你提到定期检查，这点非常重要。防治病虫害，关键是要早发现、早处理。手机应用是个好帮手，但也不能完全依赖，还得结合自己的经验和观察。\n\n最后，我觉得农业种植，除了技术，还得有耐心和细心。种地就像养孩子，得用心才能长得好。希望我的补充能对你有所帮助！', 'AGRONOMIST', '2025-03-14 01:11:26.093076', 'SIM-1741880356229');
INSERT INTO `agent_dialogue` VALUES (71, 'AGENT-1741880418333', '想要提高农作物收成，首先得看你具体种的是什么作物，因为不同的作物对环境和管理的要求是不一样的。不过，有几个通用的方法可以试试：\n\n1. **合理施肥**：根据土壤检测结果，合理施用氮、磷、钾肥，也可以考虑有机肥，改善土壤结构。\n\n2. **水分管理**：保证作物生长关键期有足够的水分，但同时避免积水导致根部病害。\n\n3. **病虫害防治**：定期观察作物，提前预防病虫害的发生，合理使用农药。\n\n4. **修剪管理**：对于一些作物来说，适当的修剪可以促进通风透光，减少病害，提高产量。\n\n5. **轮作制度**：通过轮作可以减少土壤中病虫害的发生，同时也有助于恢复土壤肥力。\n\n6. **选用良种**：选择适应当地气候和土壤条件，且产量高的品种。\n\n7. **天气预报**：合理利用天气预报，比如在降水前后减少灌溉，或者在寒潮来临前做好防寒措施。\n\n8. **科技应用**：可以考虑使用现代农业技术，比如智能化滴灌、温室栽培等，提高作物产量和抗风险能力。\n\n你可以根据具体情况，综合运用以上方法。如果需要更具体的建议，提供更多的种植信息会更有帮助。', 'METEOROLOGIST', '2025-03-14 13:26:39.568548', 'SIM-1741880356229');
INSERT INTO `agent_dialogue` VALUES (72, 'AGENT-1741880475079', '嗯，你提到的这些方法都是挺有用的，针对提高收成确实得综合考虑这些因素。\n\n1. 对于**合理施肥**，我完全赞同。得注意，施肥可不是越多越好，过量了反而可能导致作物生长不良。有机肥确实是个好选择，不仅能改善土壤，还能提供微量元素。\n\n2. **水分管理**也很关键，特别是那些关键生长阶段，水分一定要跟上。但同时，确实得防止积水，不然根部病害一闹起来，收成就受影响了。\n\n3. **病虫害防治**，我补充一点，尽量采用生物防治和物理防治方法，减少化学农药的使用，这样对环境和人体都更友好。\n\n4. **修剪管理**，这招对果树和部分蔬菜特别管用，确实能提高通风透光，减少病害。\n\n5. **轮作制度**，这个我也很赞同。不仅能减少病虫害，还能让土壤有时间“休息”，恢复肥力。\n\n6. **选用良种**，这是基础中的基础。选对了品种，就已经成功了一半。\n\n7. **天气预报**，这个也得重视。气候变化对作物影响太大了，合理利用天气预报，可以减少很多不必要的损失。\n\n8. **科技应用**，现代农业技术确实能帮我们不少忙。智能化管理和温室栽培，能大大提高作物产量和稳定性。\n\n总之，你提到的这些方法都很实用。具体实施的时候，还得根据你的具体情况来调整。如果有可能的话，最好定期做土壤检测，根据作物需求来调整管理措施。有其他具体问题，随时可以来讨论。', 'AGRONOMIST', '2025-03-14 13:26:50.135854', 'SIM-1741880356229');
INSERT INTO `agent_dialogue` VALUES (73, 'AGENT-1741882811281', '嗯，我完全同意大家的看法。尤其是**天气预报**这一块，作为气象学家，我得强调一下它的重要性。气候变化确实对作物生长有着直接的影响，比如极端天气、不规律的降雨、高温或低温等都能影响作物生长周期和产量。\n\n1. 对于**合理施肥**和**水分管理**，确实，合理的安排离不开准确的天气信息。比如，在干旱季节，你可能需要增加灌溉次数；而在多雨季节，则要注意排水防涝。\n\n2. **病虫害防治**，天气条件往往会影响病虫害的发生和传播。比如，连续的阴雨天气可能让某些病害更加严重。所以，根据气象预报来提前做好防治工作，是非常必要的。\n\n3. **修剪管理**和**轮作制度**，这些措施也受到气候条件的影响。比如，在修剪果树时，要考虑避开即将到来的寒流，以防剪口受到冻害。\n\n4. **选用良种**，这个也得考虑到当地的气候特点。有些品种可能耐旱，有些可能更适应湿润气候，选择适合当地气候条件的品种，自然就能提高产量。\n\n5. **科技应用**，现在有很多气象服务可以为农业提供定制化的天气预报，甚至可以结合土壤湿度、作物生长模型等信息，来帮助农民做出更精准的决策。\n\n所以，我的建议是，大家在实施这些措施的时候，可以更积极地利用气象服务。现在有很多手机应用和在线服务，可以提供非常详细的当地气象信息，包括短期和长期的天气预报，这些都能帮助你更好地规划农业生产。同时，如果遇到特殊情况，比如极端天气预警，要及时采取应对措施，保护作物免受损失。有啥气象方面的疑问，随时找我，大家一起讨论。', 'METEOROLOGIST', '2025-03-14 13:27:01.532694', 'SIM-1741880356229');
INSERT INTO `agent_dialogue` VALUES (74, 'AGENT-1741882822195', '嗯，我作为农民，确实感同身受。天气对于我们来说就是收成的“晴雨表”。你说的这些，我都非常赞同。\n\n1. 合理施肥和水分管理这块儿，确实得根据天气来调整。比如，我这段时间就得多关注天气预报，干旱了得及时浇水，雨多了得防积水，这个真的很关键。\n\n2. 病虫害防治也是，像我们这儿，一到阴雨连绵的时候，病虫害就特别猖獗。我会根据天气情况提前做好防治，减少损失。\n\n3. 修剪管理和轮作制度，我一般也会考虑天气因素，比如修剪果树，我就会避开寒流天气，防止剪口冻伤。\n\n4. 选良种这块儿，我也会找适合本地气候的品种。比如我们这儿比较干旱，我就会选择那些耐旱的品种。\n\n5. 科技应用这块儿，我现在也开始用一些手机应用，上面提供的天气预报、土壤湿度等信息，确实对我的农业生产帮助很大。\n\n你的建议我会好好采纳，以后遇到什么气象方面的疑问，我可得找你多聊聊了。毕竟，有了准确的天气信息，我们农民心里也有底，种地也能更科学些。谢谢啦！', 'FARMER', '2025-03-14 13:27:10.307110', 'SIM-1741880356229');
INSERT INTO `agent_dialogue` VALUES (75, 'AGENT-1741882987560', '嗯，听你这么说，我也放心多了。确实，咱们农民种地，天气是老大，得时刻关注着。我补充几点建议吧：\n\n1. 合理施肥和水分管理这块儿，除了看天气预报，还得注意观察作物长势。有时候，叶子稍微有点蔫儿了，可能就是缺水的信号，得及时补水。\n\n2. 病虫害防治，阴雨天确实容易出问题。你可以试试在晴好天气时，提前喷点预防性的生物农药，尽量减少化学农药的使用，对环境和人体都好。\n\n3. 修剪管理和轮作制度，确实得看天气行事。修剪果树的时候，除了避开寒流，还得注意别在烈日下剪，剪口容易晒伤。\n\n4. 选良种这块儿，除了耐旱，还得考虑抗病性、生长周期等因素。有些品种虽然产量高，但生长期长，或者容易生病，综合考虑才好。\n\n5. 科技应用这块儿，现在手机应用确实方便，不过也别全信，还得结合实际情况。有时候，土壤湿度app上说湿度足够，但实际上土壤表层干裂了，这种情况就得自己判断。\n\n以后有啥气象方面的疑问，随时找我。咱们农民之间得多交流，互相学习，种地才能更上一层楼。还有，别忘了，有时候还得听听老一辈的经验，结合现代科技，才能种出更好的庄稼。加油！', 'FARMER', '2025-03-14 13:27:21.310207', 'SIM-1741880356229');
INSERT INTO `agent_dialogue` VALUES (76, 'AGENT-1741883009473', '嗯，你说的这些我都非常赞同，尤其是合理施肥和水分管理，确实得根据作物实际需要来调整。我补充几点：\n\n1. **观察作物长势**：你提的这个特别实用，作物稍微有点不对劲，就得留心，及时采取措施。可以定期进行土壤和叶面检测，这样更科学一些。\n\n2. **病虫害防治**：对，预防为主，治疗为辅。晴好天气喷药确实更有效，而且尽量选择生物农药，减少对环境的影响。\n\n3. **修剪管理**：修剪果树确实得注意天气，避免在极端天气下操作。而且修剪后的果树要及时涂抹剪口保护剂，防止病菌侵入。\n\n4. **选良种**：这点很关键，不仅要考虑耐旱和抗病性，还要考虑市场需求、作物品质等因素，综合评估。\n\n5. **科技应用**：手机应用是方便，但确实不能全信。我建议在使用这些科技产品的同时，也要保持自己的判断力，结合实际情况来。\n\n另外，我还想强调一下，**气候变化**对农业影响深远，我们得积极应对。比如，可以考虑实施一些节水灌溉措施，或者选用一些适应性强的作物品种。\n\n至于老一辈的经验，那绝对是宝，结合现代科技，能让我们的农业生产更上一层楼。而且，农民之间的交流特别重要，互相学习，共同进步。\n\n最后，加油，咱们农业人一起努力，争取年年都有好收成！有啥问题，随时交流。', 'AGRONOMIST', '2025-03-14 13:27:32.195195', 'SIM-1741880356229');
INSERT INTO `agent_dialogue` VALUES (77, 'AGENT-1741880418333', '要想提高农作物收成，可以从以下几个方面着手：\n\n1. **选择合适的作物种类和品种**：根据你所在地区的气候条件、土壤类型和市场需求，选择适合当地生长、抗病虫害能力强、产量高的作物品种。\n\n   - 例如：“你可以考虑种植那些对本地气候适应性强的品种，这样可以减少因气候不适宜造成的产量损失。”\n\n2. **改善土壤质量**：通过土壤测试了解土壤的养分状况，然后有针对性地施肥，增加有机质，改善土壤结构。\n\n   - “你有没有做过土壤测试？了解一下土壤的pH值和主要养分含量，这样施起肥来更有针对性。”\n\n3. **合理灌溉**：根据作物生长的不同阶段和天气状况，合理安排灌溉时间和水量。\n\n   - “适时适量的灌溉对作物生长特别重要，特别是在干旱季节，合理规划灌溉可以避免水分浪费，同时保证作物需水。”\n\n4. **病虫害防治**：采取综合防治措施，如生物防治、物理防治和化学防治相结合，减少病虫害对作物的影响。\n\n   - “提前做好病虫害防治工作，比如可以尝试引入一些天敌来控制害虫，尽量减少化学农药的使用，这样既环保又能提高农作物的品质。”\n\n5. **科学施肥**：合理施用氮、磷、钾等肥料，同时注意微量元素的补充。\n\n   - “施肥的时候要注意平衡，不要过多也不要过少，过多可能会导致作物生长过旺，反而影响产量。”\n\n6. **调整种植密度和方式**：根据作物特性调整种植密度，采用合理的种植方式，比如间作和套作，可以提高光能和土地的利用率。\n\n   - “你还可以试试看调整种植密度，如果太密的话，作物之间会互相竞争养分和光照，适当稀植有时候能提高产量。”\n\n7. **关注天气预报**：根据气象预报，及时应对不利天气条件，比如提前做好防寒、防旱措施。\n\n   - “平时多关注一下天气预报，比如遇到寒潮或者连续干旱，及时采取措施可以减少天气对农作物的影响。”\n\n通过这些措施的综合应用，可以有效提高农作物的收成。当然，具体情况还需结合你的实际条件来定。希望这些建议能帮到你！', 'METEOROLOGIST', '2025-03-14 14:33:54.453720', 'SIM-1741880356229');
INSERT INTO `agent_dialogue` VALUES (78, 'AGENT-1741880475079', '嗯，这些建议都挺到位的。我完全同意根据当地气候和土壤条件选择合适的作物种类和品种，这是提高收成的关键一步。土壤测试也非常重要，这样可以避免盲目施肥，减少成本，提高效率。\n\n合理灌溉这块儿，我觉得还得补充一点，就是要根据作物需水临界期来安排灌溉，这个时期的水分供应对产量影响特别大。\n\n至于病虫害防治，我赞同综合防治的做法，不过还得提醒一下，使用天敌的时候要注意监控，确保它们不会成为新的问题。\n\n科学施肥这块儿，我特别强调一下微量元素的补充，有时候作物长得不好，不一定是因为缺氮磷钾，可能是缺了硼、锌这些微量元素。\n\n种植密度和方式确实得根据作物特性来，不能一概而论。间作套作是个好办法，可以提高土地利用率，还能减少病虫害的发生。\n\n最后，关注天气预报也很重要，农业生产很大程度上是“靠天吃饭”，能提前预知并采取措施，就能减少很多不必要的损失。\n\n总之，这些建议都挺实用，就是要在实际操作中根据具体情况灵活运用。加油！', 'AGRONOMIST', '2025-03-14 14:34:02.897090', 'SIM-1741880356229');
INSERT INTO `agent_dialogue` VALUES (79, 'AGENT-1741882811281', '嗯，你说得非常对。作为气象学家，我特别同意你关于天气预报的重要性。确实，农作物的生长和收成很大程度上受天气影响。对于灌溉，你提到的根据作物需水临界期来安排灌溉，这点非常重要。我还要补充一点，就是要密切关注当地的气候趋势和季节性天气变化，比如提前了解是否有干旱、洪涝等极端天气事件的预警，这样可以更有效地规划灌溉。\n\n至于病虫害防治，我赞同你的观点，使用天敌是个好方法，但确实需要监控，以免出现生态失衡。\n\n关于施肥，你提到的微量元素补充，这个真的很关键。作物的生长不仅仅是氮磷钾的问题，微量元素同样重要，有时候甚至能起到关键作用。\n\n种植密度和方式，我也同意你的看法，根据作物特性来调整是明智的。间作套作确实是个好方法，不仅可以提高土地利用率，还能减少病虫害，这也是一种生态农业的实践。\n\n最后，我想强调的是，除了关注天气预报，还可以利用现代农业技术，比如卫星遥感、气候模型等工具来辅助决策。这些技术可以帮助农民更准确地预测天气变化，从而更好地管理农业生产。\n\n总之，你的这些做法都很科学，希望你能将这些实用的建议灵活运用到农业生产中，祝你的作物年年都能有个好收成！加油！', 'METEOROLOGIST', '2025-03-14 14:34:12.393446', 'SIM-1741880356229');
INSERT INTO `agent_dialogue` VALUES (80, 'AGENT-1741882822195', '嗯，我完全赞同你的观点。作为气象学家，我特别强调天气预报对于农业生产的重要性。确实，了解季节性天气变化和极端天气事件的预警，对于合理规划灌溉、防治病虫害等都是至关重要的。\n\n关于灌溉，你提到的密切关注气候趋势，这一点真是太重要了。农民朋友们可以利用气候预报，比如长期天气预报，来决定灌溉的最佳时机，避免水资源浪费，同时确保作物在关键生长期得到足够的水分。\n\n至于病虫害防治，我同意使用天敌和监控生态平衡的做法。有时候，气候变化会直接影响病虫害的发生和传播，所以了解天气动态对于提前做好防治工作尤为关键。\n\n施肥方面，微量元素的作用确实不可小觑，这直接关系到作物的健康和产量。农民朋友们应该根据土壤测试结果和作物需求，科学补充微量元素。\n\n种植密度和方式，我也要点赞一下。合理的布局不仅能提高产量，还能减少病虫害的发生，这对于推动生态农业的发展非常有帮助。\n\n最后，你提到的利用现代农业技术，比如卫星遥感和气候模型，这些都是现代农业发展的大趋势。这些技术能够提供更为精准的数据支持，帮助农民更好地做出决策，提高农业生产的效率和可持续性。\n\n总之，大家的讨论都非常到位，希望农民朋友们能够结合实际情况，充分利用这些科学方法和技术，让农业生产更加高效、环保，祝大家年年都有个好收成！一起加油！', 'METEOROLOGIST', '2025-03-14 14:34:22.145059', 'SIM-1741880356229');
INSERT INTO `agent_dialogue` VALUES (81, 'AGENT-1741882987560', '嗯，我作为农民，听了大家的建议，确实觉得挺受用的。特别是天气预报这块儿，对于我们来说真的是太重要了。我得说，合理规划灌溉，得根据天气预报来，不能光凭感觉，这样才能既省水又保证作物生长。\n\n病虫害防治，我同意用天敌这招，自然的方法总是比用药更让人放心。而且，得时刻注意天气变化，因为有时候天气一变，病虫害也就跟着来了。\n\n施肥这块儿，我以前可能真没太注意微量元素，以后得改改，得根据土壤测试和作物需求来施肥，不能一味地用氮磷钾。\n\n至于种植密度和方式，我觉着这也是门学问，不能一成不变，得根据实际情况调整。我去年就试着调整了一下，发现产量确实有所提高。\n\n现代农业技术这块儿，我虽然年纪大了点，但我也得跟上时代不是？卫星遥感、气候模型这些高科技，我得学着用，这样种地也能更科学，更高效。\n\n总之，感谢大家的建议，我会根据实际情况，尽量运用这些科学方法和技术，希望年年都能有个好收成！大家一起加油！', 'FARMER', '2025-03-14 14:34:31.684410', 'SIM-1741880356229');
INSERT INTO `agent_dialogue` VALUES (82, 'AGENT-1741883009473', '听你这么说，我觉得你真的很有前瞻性，也很愿意接受新的农业技术和方法，这很难得。我完全赞同你的观点，特别是关于灌溉和天气预报的结合，这对于水资源的合理利用和作物生长都是至关重要的。\n\n对于病虫害防治，用天敌这种方法确实是个好选择，既环保又有效。而且，你说的对，天气一变，病虫害也可能跟着来，所以密切关注天气动态非常关键。\n\n关于施肥，你意识到微量元素的重要性，这是个大进步。确实，作物需要的不仅仅是氮磷钾，微量元素同样关键。土壤测试是个好方法，它能告诉你土壤里到底缺什么，这样施肥就更有针对性了。\n\n种植密度和方式的调整也是必要的，我同意你的看法，这得根据实际情况来。你去年调整后产量提高了，这说明你做得对，继续这样实践下去，相信会有更好的效果。\n\n至于现代农业技术，你愿意学习和使用卫星遥感、气候模型，这真是太棒了。这些技术可以帮助我们更好地了解作物生长的环境，做出更精准的决策。你年纪大不是问题，心态年轻，愿意接受新事物，这才是最重要的。\n\n最后，我也祝你年年都有个好收成！如果在使用这些新技术或者遇到其他农业问题上需要帮助，随时可以问我。加油，我们一起努力！', 'AGRONOMIST', '2025-03-14 14:34:43.016270', 'SIM-1741880356229');
INSERT INTO `agent_dialogue` VALUES (83, 'AGENT-1741937271422', '：\n\n哎呀，寒潮对农业生产可是个大考验呢。首先，你得注意及时关注天气预报，尽量提前做好防寒措施。以下是一些建议：\n\n1. **覆盖保温**：对于一些比较娇弱的作物，比如蔬菜幼苗，可以用地膜或者草垫进行覆盖，起到保温的作用。\n\n2. **加强防风**：在寒潮来临前，检查并加固温室大棚，防止因为大风导致的结构损坏。\n\n3. **灌溉防冻**：在寒潮来临前，对作物进行一次充分的水分灌溉，土壤中的水分可以在冷却过程中释放热量，起到一定的防冻效果。\n\n4. **熏烟防霜**：对于大面积的农田，可以在晚上点燃一些熏烟物质，比如秸秆或者专门的防霜烟雾弹，来提高地面温度，减少霜冻。\n\n5. **及时收获**：对于已经成熟的作物，尽量在寒潮来临前收获，避免因为冻害造成损失。\n\n6. **牲畜保暖**：对于养殖户来说，要确保牲畜棚舍的保暖，适当增加饲料供应，增强牲畜的抗寒能力。\n\n7. **病虫害防治**：寒潮过后，可能会出现一些病虫害，要及时检查作物，做好防治工作。\n\n以上措施要根据你具体情况来调整，希望对你有所帮助！', 'FARMER', '2025-03-14 15:28:13.274247', 'SIM-1741937262514');
INSERT INTO `agent_dialogue` VALUES (84, 'AGENT-1741937271422', '哎，寒潮对农业生产确实是个不小的挑战。首先，得赶快检查一下农作物的抗寒措施做得怎么样了。比如说，给一些比较娇贵的作物盖上薄膜或者使用抗寒剂。同时，要注意及时清理棚膜上的积雪，防止压垮设施。对于露天种植的作物，如果可能的话，可以考虑用一些土办法，比如熏烟或者使用增温灯来提高局部温度。另外，寒潮过后，要尽快检查作物受冻情况，对受冻的植株进行适当的修剪和救助。还有，要注意自己的保暖，毕竟身体是革命的本钱嘛！你那边具体情况怎么样？有采取什么措施了吗？', 'FARMER', '2025-03-14 15:29:17.355118', 'SIM-1741937262514');
INSERT INTO `agent_dialogue` VALUES (85, 'AGENT-1741937271422', '哎呀，寒潮对农作物的影响可不小。首先要做的是尽快采取措施保护作物。这里有几个建议：\n\n1. **及时除雪**：如果积雪较厚，要及时清理，防止积雪压垮大棚或者冻伤作物。\n2. **加强保暖**：对于一些耐寒性较差的作物，比如蔬菜幼苗，要在大棚内增加保温措施，比如使用保温被、增设暖风机等。\n3. **控制湿度**：寒潮期间往往湿度较高，要注意通风降湿，避免病害的发生。\n4. **适当施肥**：寒潮过后，可以适量施用一些磷钾肥，帮助作物恢复生长，增强抗寒能力。\n5. **检查设施**：检查农业设施是否完好，防止因设施损坏导致进一步的损失。\n\n另外，未来几天要密切关注天气变化，及时调整应对措施。做好这些，应该能减少寒潮对作物的不利影响。你觉得呢？有没有其他需要补充的？', 'FARMER', '2025-03-14 15:35:42.738467', 'SIM-1741937262514');
INSERT INTO `agent_dialogue` VALUES (86, 'AGENT-1741937726468', '嗯，你说得挺对。寒潮确实得小心应对。我赞同你提到的及时除雪和控制湿度，这两点特别重要。我这里再补充几点：\n\n1. **防风措施**：除了保暖，还得注意防风。寒潮的时候风也大，可以用防风网或者增加大棚的压膜绳，防止大风把大棚膜给吹跑了。\n\n2. **灌溉管理**：寒潮来临前，适当灌溉，土壤湿度增加也能帮助土壤释放一些热量，对作物有保护作用。但是要注意，寒潮过后要及时排湿，防止根部病害。\n\n3. **覆盖作物**：对于露天作物，可以用草席或者塑料薄膜临时覆盖一下，能起到一定的保温作用。\n\n4. **提前收获**：对于一些已经成熟或者接近成熟的作物，可以考虑提前收获，避免寒潮造成的损失。\n\n5. **病虫害防治**：寒潮过后，作物可能会比较虚弱，更容易受到病虫害的侵害。可以提前准备一些生物农药或者低毒农药，适时防治。\n\n总之，得多留心，及时应对，才能尽量减少损失。你说呢，咱们农民兄弟得互相帮助，共同应对这些自然灾害。', 'FARMER', '2025-03-14 15:35:51.086438', 'SIM-1741937262514');
INSERT INTO `agent_dialogue` VALUES (87, 'AGENT-1741937271422', '哎呀，寒潮对于农业生产确实是个不小的挑战。得赶紧采取措施来减少损失。首先，得看看你们那里主要种的是哪些作物。对于一些比较怕冷的作物，比如水稻、蔬菜和一些水果，可以采取以下措施：\n\n1. **及时收获**：如果寒潮来临前，有些作物已经成熟，尽量提前收获，避免冻害。\n2. **覆盖保温**：对于还在生长期的作物，可以使用塑料薄膜、稻草或者是专门的保温材料进行覆盖，起到保温作用。\n3. **喷水防冻**：在寒潮来临前，对一些作物进行喷水，水分结冰时释放的热量可以起到一定的保护作用。\n4. **施肥增强抗寒性**：可以适当增施磷钾肥，提高作物的抗寒能力。\n5. **预防措施**：检查并加固农业设施，比如大棚、温室，防止被大雪压塌。\n\n同时，养殖方面也要注意：\n\n- **加强保温**：牲畜圈舍要做好保温工作，防止牲畜受冻。\n- **调整饲料**：适当增加能量饲料的供给，帮助动物抵御寒冷。\n\n这些措施得赶紧落实，时间很关键。寒潮过去了，也要及时检查作物和牲畜的状况，做好后续的补救工作。希望你们都能顺利度过这次寒潮！', 'FARMER', '2025-03-14 15:37:02.363196', 'SIM-1741937262514');
INSERT INTO `agent_dialogue` VALUES (88, 'AGENT-1741937726468', '嗯，你说得挺对的。寒潮来的时候，咱们农民确实得抓紧时间采取点措施。我种的是苹果树和菜地，这些措施我都得用上。特别是那个覆盖保温，我去年就这么干的，效果还不错，今年还得继续。\n\n我还想补充一点，对于果树，可以在寒潮来临前给树干涂上石灰水或者白色的涂剂，这样可以在一定程度上防止霜冻伤害。而且，还得注意排水系统，寒潮后融雪可能会导致水患，得提前清理沟渠。\n\n至于养殖方面，除了你说的加强保温和调整饲料，我还会给牲畜多准备点干草，防止因为天气冷它们消耗更多的能量。\n\n对，时间确实紧迫，我得赶紧去准备准备了。希望这次的寒潮别造成太大损失！咱们农民嘛，年年都得跟天气打交道，只能尽力而为了。', 'FARMER', '2025-03-14 15:37:09.330101', 'SIM-1741937262514');
INSERT INTO `agent_dialogue` VALUES (89, 'AGENT-1741937809326', '哎，确实像你说的，咱们农民年年都得跟天气斗智斗勇。你提到的这些措施我都赞同，特别是给果树涂石灰水这个办法，我去年也试过，确实能起到点作用，还能防病虫害呢。\n\n覆盖保温这个事儿，确实得继续，对菜地来说尤其重要。我建议你可以在菜地上再加盖一层保温膜，双层保险，效果更好。\n\n至于排水系统，这事儿也不能马虎。寒潮过后，融雪水确实是个大问题，提前清理沟渠，防止积水，这对蔬菜生长也有好处。\n\n养殖方面，你做得对，多准备干草是明智之举。我再加一句，别忘了检查牲畜圈舍的通风情况，虽然要保温，但也得防止空气不流通导致疾病。\n\n时间确实紧，但别慌，准备工作做得越细，损失就越小。希望咱们都能平安度过这个寒潮。加油，老兄！', 'FARMER', '2025-03-14 15:37:16.595458', 'SIM-1741937262514');
INSERT INTO `agent_dialogue` VALUES (90, 'AGENT-1741937271422', '哎，寒潮确实是个大问题，对农作物影响很大。首先，得赶快检查一下你的作物防寒措施做得怎么样了。如果你的田地里还有没来得及收割的作物，现在就要尽快采取措施了。\n\n1. **覆盖保温**：对于一些比较娇贵的作物，比如蔬菜或者幼苗，可以使用塑料薄膜或者稻草进行覆盖，起到保温作用。\n\n2. **加快收割**：对于已经成熟可以收割的作物，要尽快收割，避免冻害。\n\n3. **灌溉防冻**：在寒潮来临前，给作物灌溉，水分结冰时会释放热量，对作物起到一定的保护作用。\n\n4. **施肥强化**：寒潮过后，给作物施用一些促进恢复的肥料，帮助它们恢复生长。\n\n5. **检查设施**：如果你有大棚或者温室，要检查一下保温设施是否完好，加热设备是否正常工作。\n\n6. **预防病虫害**：低温可能会导致一些病虫害的发生，提前做好预防工作。\n\n总之，寒潮来的时候，得抓紧时间采取一系列应急措施，尽量减少损失。你那边具体情况怎么样？还需要我给出更具体的建议吗？', 'FARMER', '2025-03-14 15:43:15.519411', 'SIM-1741937262514');
INSERT INTO `agent_dialogue` VALUES (91, 'AGENT-1741937271422', '哎，寒潮对农业生产确实是个不小的挑战。首先，得赶快检查一下你的作物防寒措施做得怎么样了。对于一些特别不耐寒的作物，比如香蕉、柑橘这些，如果还没做防护，得赶紧考虑用薄膜、稻草或者专门的防寒布覆盖，减少冻害。\n\n另外，要注意田间的排水情况，寒潮来临可能会导致雨水或者雪水排不出去，形成渍害。如果有可能，最好提前清理排水沟，保证水能够顺畅排出。\n\n还有，对于一些快成熟的作物，如果条件允许，可以考虑提前收割，避免因为寒潮造成损失。\n\n最后，要关注天气预报，随时准备应对接下来的天气变化。如果寒潮过后有回暖，也得注意慢慢减少覆盖物，防止作物突然暴露在高温下造成伤害。\n\n这些措施你能做到的尽量做，希望能帮到你减少损失。怎么样，你那边的情况具体是怎样的？还需要针对具体情况给出更多建议吗？', 'FARMER', '2025-03-14 15:43:24.212490', 'SIM-1741937262514');
INSERT INTO `agent_dialogue` VALUES (92, 'AGENT-1741937726468', '哎，确实像你说的，寒潮一来，咱们农民可得忙活起来了。我这边的情况是，田里的蔬菜和一些水果还没收完，确实有点担心。\n\n1. **覆盖保温**：我同意，特别是那些幼苗和蔬菜，盖上一层薄膜或者稻草很有必要，能保多少是多少。\n\n2. **加快收割**：对对对，得抓紧时间收割那些能收的作物，冻坏了就亏大了。\n\n3. **灌溉防冻**：这个我也听说有用，不过得注意，要是水太多，结冰后压坏作物就不划算了，得适量。\n\n4. **施肥强化**：寒潮过后，作物肯定元气大伤，施点肥料帮助恢复是应该的，得选对时候。\n\n5. **检查设施**：大棚和温室我得赶紧去看看，保温被、加热器啥的都得检查一遍，不能这时候掉链子。\n\n6. **预防病虫害**：这个我也得注意，冻害之后作物抵抗力下降，更容易招病虫害。\n\n你提到的这些措施都很实用，我可能还得补充一点，就是得多关注天气预报，随时准备应对突发情况。还有，如果条件允许，可以考虑给作物上点防冻剂，多少能增加点抗冻能力。你那边还有啥好主意没？咱们得多交流交流。', 'FARMER', '2025-03-14 15:43:24.837751', 'SIM-1741937262514');
INSERT INTO `agent_dialogue` VALUES (93, 'AGENT-1741937726468', '嗯，你说得挺对。确实得抓紧时间做好防寒工作。我这边的情况是，我们种的柑橘和草莓比较多，这寒潮一来，确实挺担心的。我们已经开始用薄膜覆盖了，但是田里的排水沟确实还没顾得上。\n\n我同意你说的，得赶紧清理排水沟，不能让水积在那儿。我明天就安排人去做这件事。\n\n至于提前收割，我觉得这个得看具体情况。有些作物虽然快成熟了，但是提前收割可能会影响品质和产量。我得再看看天气预报，如果寒潮确实厉害，那可能还是得提前收。\n\n你提到的那个回暖后的措施也挺重要，不能忽视了。得慢慢减少覆盖物，让作物有个适应的过程。\n\n对了，我还想问问，除了这些，你有没有什么特别的防寒技巧？比如，有没有什么提高土壤温度的方法？或者有没有什么增强作物抗寒能力的办法？毕竟，多学一点，应对起来也更心里有数。', 'FARMER', '2025-03-14 15:43:31.188332', 'SIM-1741937262514');
INSERT INTO `agent_dialogue` VALUES (94, 'AGENT-1741937809326', '嗯，你说得挺对的。寒潮来的时候，咱们农民确实得抓紧时间，做好万全准备。\n\n1. **覆盖保温**：没错，薄膜或者稻草能起到大作用，特别是晚上温度低的时候，能保护作物不受冻害。\n\n2. **加快收割**：对，能收的赶紧收，实在来不及的，就优先保护那些价值高的作物。\n\n3. **灌溉防冻**：这事儿得注意，确实不能太多水。可以在寒潮来临前，土壤稍微湿润点，这样既不会太多水，又能起到防冻效果。\n\n4. **施肥强化**：等寒潮过了，给作物补充点营养，确实能帮助它们恢复。但记得要适量，别过量了。\n\n5. **检查设施**：大棚和温室的保温措施可得搞搞好，这可是关键时候。\n\n6. **预防病虫害**：冻害后，作物确实容易生病，提前做好预防措施，能减少不少损失。\n\n你提到的关注天气预报，这太重要了。有了准确的预报，咱们可以更提前做好准备。至于防冻剂，是个好办法，确实能提高作物的抗冻能力，但要注意按照说明使用，别过量了。\n\n我还想补充一点，如果有可能，可以准备一些应急的加热设备，比如燃油暖风机，必要的时候给作物加加热。另外，可以跟周边的农民朋友沟通一下，互相帮助，资源共享，这样应对寒潮的时候也更稳妥一些。咱们农民之间得多交流经验，共同应对这些自然灾害。', 'FARMER', '2025-03-14 15:43:35.574938', 'SIM-1741937262514');
INSERT INTO `agent_dialogue` VALUES (95, 'AGENT-1741937809326', '嗯，你做得已经挺到位了。薄膜覆盖是个好方法，对防寒效果明显。说到排水沟，确实得抓紧时间弄，防寒的同时还得防积水。\n\n关于提高土壤温度，你可以在薄膜下面铺上一层稻草或者其他的有机物料，这样不仅能保温，还能改善土壤结构。另外，如果条件允许，可以试试土壤加热线，这个对提高土壤温度很有效，但是成本会高一些。\n\n至于增强作物抗寒能力，有几个办法你可以试试。一是可以在寒潮来临前给作物喷施一些抗冻剂，市面上有卖的抗冻剂都能起到一定作用。二是可以适当增加磷钾肥的使用，磷钾肥能增强作物的抗寒能力。三是合理修剪，去掉一些病弱枝，让作物能够集中养分，增强抵抗力。\n\n提前收割确实得看情况，如果天气预报显示寒潮持续时间长，那提前收割是明智之举。品质和产量肯定会有所影响，但是总比全军覆没要好。\n\n暖和之后，减覆盖物的过程要缓慢，防止作物“闪暖”，确实得慢慢来。你问的这些办法都是实战经验，希望对你有所帮助。农业这块，多学多用，总能找到最适合自己田地的方法。加油！', 'FARMER', '2025-03-14 15:43:41.006729', 'SIM-1741937262514');
INSERT INTO `agent_dialogue` VALUES (96, 'AGENT-1741937271422', '哎呀，寒潮对农业生产确实是个不小的挑战。首先，得赶快检查一下你的农作物和农业设施准备好了没有。\n\n1. **防寒措施**：对于果树和蔬菜，如果可能的话，尽快覆盖一些防寒材料，比如草垫、塑料薄膜或者使用大棚来保护作物。\n   \n2. **灌溉管理**：寒潮来临时，土壤容易结冻，影响根系吸水。可以在寒潮来临前适当灌溉，增加土壤的热容量，起到一定的保温作用。\n\n3. **设施检查**：如果你的农场有大棚或者其他农业设施，要确保它们的结构稳固，能够抵御风雪。\n\n4. **动物保暖**：对于养殖业的动物，要确保它们有足够的保暖措施，比如增加垫料，检查畜舍的保温效果。\n\n5. **病虫害预防**：寒潮过后，病虫害可能会因为天气变化而活跃起来，提前准备一些防治措施。\n\n6. **应急物资**：储备一些应急物资，比如燃料、防冻液等，以防不测。\n\n总之，要密切关注天气预报，及时采取相应措施，尽量减少寒潮对农业生产的影响。你那边具体种植了哪些作物，或者养殖了哪些动物？我可以给出更具体的建议。', 'FARMER', '2025-03-14 15:46:49.433701', 'SIM-1741937262514');
INSERT INTO `agent_dialogue` VALUES (97, 'AGENT-1741937726468', '哎呀，你说得真对，这寒潮确实是个大问题。我这边主要是种了一些蔬菜和水果，还有养了一些鸡和羊。你提到的那些措施我都得赶紧落实下去。\n\n1. 防寒措施这块，我马上就去弄些草垫和薄膜来，特别是那些刚种下的小苗，可得保护好。\n\n2. 灌溉管理我也得注意，这两天就提前给地里浇浇水，防止冻土影响作物。\n\n3. 大棚我已经检查过了，但还得再加固一下，免得被雪压垮了。\n\n4. 动物保暖这块，我打算给畜舍加些垫料，还得看看有没有漏洞，别让寒风钻进去。\n\n5. 病虫害预防我也想到了，寒潮一过，我就会赶紧看看作物有没有受害，及时处理。\n\n6. 应急物资我已经开始准备了，毕竟有备无患嘛。\n\n还得麻烦你提醒一下，有没有啥别的需要注意的地方？我这儿还得赶紧忙活起来呢。', 'FARMER', '2025-03-14 15:46:57.291202', 'SIM-1741937262514');
INSERT INTO `agent_dialogue` VALUES (98, 'AGENT-1741937809326', '嗯，听起来你基本上已经考虑得很周到了。不过我还想补充几点：\n\n1. **防寒措施**：对，草垫和薄膜是好办法，记得给那些嫩苗多盖点，尤其是夜间温度最低的时候，可以考虑用火盆或者加热器给大棚加温。\n\n2. **灌溉管理**：浇水是个好主意，但是要注意，水不要浇太多，避免土壤结冻后膨胀，损伤根系。\n\n3. **大棚加固**：加固大棚的时候，别忘了检查一下通风口，有时候寒潮来临，需要适当关闭一些通风口，防止冷风直接吹进大棚。\n\n4. **动物保暖**：给畜舍加垫料很关键，还可以考虑给鸡和羊提供一些额外的热量来源，比如使用加热灯。\n\n5. **病虫害预防**：寒潮过后，确实要留意病虫害，可以提前准备一些生物农药或者有机防治方法，减少化学药剂的使用。\n\n6. **应急物资**：应急物资准备好了，别忘了检查一下发电机和保暖衣物，要是寒潮导致停电，这些就派上大用场了。\n\n除此之外，我还想提醒你：\n\n- **作物采摘**：如果有些蔬菜和水果已经成熟，尽量在寒潮来临前采摘，避免损失。\n- **树木保护**：如果你的果园里的果树还没有修剪，寒潮前最好不要修剪，因为修剪后的伤口更容易冻伤。\n\n总之，多留意天气预报，随时准备应对突发情况。希望你的农场能顺利度过这个寒潮！', 'FARMER', '2025-03-14 15:47:07.538711', 'SIM-1741937262514');
INSERT INTO `agent_dialogue` VALUES (99, 'AGENT-1741938393890', '嗯，你说得真挺全面的，我基本上都同意。特别是那个浇水的问题，确实得注意，别让土壤结冻伤到根系。我这边还得补充几点：\n\n1. **防寒措施**：对，嫩苗得多照顾，那个火盆或者加热器我也准备上了，晚上确实得给大棚加加温。\n\n2. **大棚加固**：通风口的问题我之前没太注意，谢谢你提醒，我这就去看看，该关的关，该堵的堵。\n\n3. **动物保暖**：加热灯是个好主意，我也打算弄几个，畜舍里的温度不能太低，不然动物们容易生病。\n\n4. **病虫害预防**：生物农药和有机防治方法我也在用，尽量减少化学药剂，对环境和作物都好。\n\n5. **应急物资**：发电机和保暖衣物我都准备好了，万一停电，也不能让农场停摆。\n\n至于你提到的作物采摘和树木保护，我也计划在寒潮来临前抓紧时间处理。还有，我还得提醒一下：\n\n- **作物覆盖**：对于一些容易受冻的作物，比如草莓，可以用地膜或者秸秆覆盖，效果也不错。\n- **水管防冻**：还得检查一下水管，该包保温材料的包上，防止冻裂。\n\n就这样，咱们都得加油，希望寒潮早点过去，农场一切顺利！', 'FARMER', '2025-03-14 15:47:17.485538', 'SIM-1741937262514');
INSERT INTO `agent_dialogue` VALUES (100, 'AGENT-1741880418333', '要提升农作物收成，可以从几个方面着手：\n\n1. **合理施肥**：首先，要根据不同作物的需要和土壤肥力情况，合理施用化肥和有机肥，确保作物在生长过程中能够获得充足的养分。\n\n2. **灌溉管理**：合理安排灌溉，根据作物需水量和当地气候条件进行适时适量的灌溉，避免水分过多或过少影响作物生长。\n\n3. **病虫害防治**：做好病虫害监测和防治工作。合理使用农药，尽可能采用物理和生物防治方法，减少化学农药的使用，以保护作物健康生长。\n\n4. **选种育种**：选择适应当地气候和土壤条件，且产量高的品种。同时，可以尝试一些新的育种技术，提高作物的抗病性和适应性。\n\n5. **耕作技术**：改进耕作技术，比如轮作、深翻等，有助于改善土壤结构和提高土壤肥力。\n\n6. **气候变化适应**：作为气象学家，我还要提醒你注意气候变化对农作物的影响。比如，现在全球气候变暖，极端天气增多，要关注天气预报，及时应对可能出现的极端气候事件。\n\n7. **田间管理**：加强田间管理，比如及时除草、培土，保持田间清洁，有助于减少病虫害的发生，同时也有利于作物光合作用的进行。\n\n总之，要综合考虑多种因素，科学管理，才能有效提高农作物收成。你还可以具体说说你那边的情况吗？比如主要种植的作物、当地的气候和土壤条件等，我可以给出更针对性的建议。', 'METEOROLOGIST', '2025-03-14 15:47:55.880867', 'SIM-1741880356229');
INSERT INTO `agent_dialogue` VALUES (101, 'AGENT-1741880475079', '嗯，你提到的这些方面都挺重要的，我完全赞同。确实，要想提高收成，就不能忽视这些细节。我那边主要是种的小麦和玉米，气候属于温带大陆性气候，冬天冷，夏天热，土壤嘛，还算肥沃，但是有时候也会出现板结现象。\n\n针对这样的情况，我建议：\n\n1. **施肥**：可以适当增加有机肥的使用，比如农家肥，这样既能提高土壤有机质含量，又能改善土壤结构，对冬小麦的生长特别有利。\n\n2. **灌溉**：我们这边夏天雨水不多，灌溉要特别注意节水，可以考虑采用滴灌或者喷灌，这样既节水又能精确控制水量，对作物生长更有利。\n\n3. **病虫害防治**：由于我们这边温差大，病虫害比较复杂，一定要做好提前预防，尽量采用生物防治和物理防治，减少化学农药的使用，保障农产品质量安全。\n\n4. **选种育种**：针对我们这边的气候条件，选择耐寒耐旱的品种，同时，可以关注一些新的抗旱育种技术，提高作物的适应性。\n\n5. **耕作技术**：轮作是个好办法，可以减少土传病害，深翻也有助于改善土壤板结，但是要注意深翻的时间和频率，别伤到土壤结构。\n\n6. **气候变化适应**：对，气候变化确实是个大问题，我们要密切关注气候变化趋势，适时调整种植结构和农事活动。\n\n7. **田间管理**：除草、培土这些日常工作也不能马虎，我建议可以引入一些高效的农业机械，提高工作效率，减轻劳动强度。\n\n总之，我们得结合实际情况，灵活运用这些方法，才能让庄稼长得更好，收成更高。你说呢？有没有什么其他具体情况需要讨论的？', 'AGRONOMIST', '2025-03-14 15:48:07.673446', 'SIM-1741880356229');
INSERT INTO `agent_dialogue` VALUES (102, 'AGENT-1741882811281', '嗯，你说的这些措施都很到位，我完全同意。作为气象学家，我想补充几点：\n\n1. **气候变化**：既然你们这儿是温带大陆性气候，那气候变化对你们的影响可能会比较大。我建议你们要关注长期的气候预报，特别是季节性预报，这样可以更好地规划种植时间，避免因为气候变化带来的不必要损失。\n\n2. **灌溉管理**：你提到了节水灌溉，这个非常关键。在气候比较干燥的季节，可以尝试一些土壤水分监测技术，这样能够更精确地知道作物需要多少水，避免浪费。\n\n3. **病虫害防治**：温差大确实可能导致病虫害问题。除了生物和物理防治，也可以考虑使用一些抗病虫害的品种，这样可以从源头上减少问题。\n\n4. **耕作技术**：轮作和深翻确实对土壤健康很有帮助，但是也要注意，深翻可能会扰动土壤中的微生物群落，所以深翻后要及时补充有机质，帮助土壤微生物恢复。\n\n5. **田间管理**：引入高效农业机械是个好主意，这样不仅能提高效率，还能减少人工作业的天气限制，特别是在恶劣天气条件下。\n\n至于具体的情况，我想问一下：\n\n- 你们有没有遇到过极端天气事件，比如干旱、暴雨、晚霜等，对作物有哪些具体影响？\n- 你们在应对气候变化方面，有没有采取过什么特别的措施？\n- 对于小麦和玉米，你们有没有尝试过一些适应性强的新品种？\n\n了解这些情况后，我可以提供更具体的建议。', 'METEOROLOGIST', '2025-03-14 15:48:18.300635', 'SIM-1741880356229');
INSERT INTO `agent_dialogue` VALUES (103, 'AGENT-1741882822195', '嗯，我同意你提到的这些补充措施，确实很有针对性。针对你问的几个问题，我来说说我的看法：\n\n1. **极端天气事件**：我们这儿的农民确实遇到过干旱、暴雨这些极端天气。这些天气对作物的影响特别大，比如干旱会导致作物减产，暴雨又可能导致洪涝灾害，影响作物生长。所以，咱们得有应对措施。\n\n2. **应对气候变化的措施**：目前，我们这边主要是通过改进灌溉系统，比如用滴灌、喷灌来节水，同时也在尝试调整种植结构，比如选择更适合本地气候的作物品种。\n\n3. **新品种尝试**：对于小麦和玉米，我们确实在尝试一些新的品种，特别是那些耐旱、抗病性强的品种。但是，这个过程中也会遇到一些问题，比如新品种的适应性、产量稳定性等。\n\n针对这些情况，我作为气象学家，给出以下几点建议：\n\n- **气候预报利用**：一定要充分利用气候预报，特别是季节性预报，这样可以提前规划种植时间和作物种类，尽量避免气候变化带来的损失。\n  \n- **灾害预警系统**：建议建立和完善极端天气的预警系统，这样在遇到干旱、暴雨等极端天气时，可以及时采取措施，比如提前灌溉或做好排水准备。\n\n- **农业保险**：考虑到气候变化带来的不确定性，建议农民朋友们可以考虑购买农业保险，这样在遇到不可抗力因素导致损失时，可以得到一定的经济补偿。\n\n- **技术培训和指导**：对于新技术的应用，比如节水灌溉、新品种的种植，建议政府或者相关部门提供一些技术培训和指导，帮助农民更好地掌握和应用这些技术。\n\n- **科研合作**：可以和当地的科研机构、农业大学等进行合作，研究开发更适合本地气候和土壤条件的新品种，提高作物的适应性和产量。\n\n这样综合运用多种方法，我们就能更好地应对气候变化，保障农业生产了。你觉得呢？有没有其他方面的需求或者问题？我们可以一起讨论。', 'METEOROLOGIST', '2025-03-14 15:48:32.126241', 'SIM-1741880356229');
INSERT INTO `agent_dialogue` VALUES (104, 'AGENT-1741882987560', '嗯，我完全赞同你说的这些措施。作为农民，我们确实得面对这些气候变化带来的挑战。我补充几点：\n\n1. **气候预报利用**：对，气候预报对我们太重要了。我建议咱们还得加强一下天气预报的准确性，这直接关系到我们种地的决策。\n\n2. **灾害预警系统**：建立预警系统这个主意好，最好能有个简单易懂的系统，比如手机短信通知，这样我们收到预警就能立刻采取措施。\n\n3. **农业保险**：农业保险这块，我觉得还得加大对农业保险的宣传力度，让更多的农民了解和接受，毕竟这能给我们提供一份安全保障。\n\n4. **技术培训和指导**：技术培训确实很有必要，特别是对于我们这些年纪稍大的农民，新技术接受起来有点难度。希望培训能更接地气，简单实用。\n\n5. **科研合作**：跟科研机构合作这个，我特别支持。我们农民最需要的就是能实际解决问题的技术，比如节水、抗病的新品种。\n\n另外，我还想提个建议：\n\n- **互助合作**：咱们农民之间也可以多交流，共享一些种植经验和应对极端天气的经验。有时候，邻居的经验比专家的建议还管用呢。\n\n至于新品种尝试这块，我建议可以先小面积试种，看看效果再决定是否大面积推广。毕竟，每个地块的情况都不一样，得先试试才知道。\n\n总的来说，我觉得咱们得不断学习，尝试新技术，同时也要注重实际操作，毕竟种地还得靠咱们自己嘛。你说的这些方法都挺好的，咱们共同努力，争取年年都有好收成！', 'FARMER', '2025-03-14 15:48:44.081962', 'SIM-1741880356229');
INSERT INTO `agent_dialogue` VALUES (105, 'AGENT-1741883009473', '嗯，你说的这些我都非常赞同，尤其是互助合作这一点，农民之间的经验交流确实很宝贵。我来补充几点专业建议吧：\n\n1. **气候预报利用**：确实，提高天气预报的准确性对农业生产至关重要。你可以关注一下当地气象部门发布的天气预报，同时现在也有很多专业APP能提供相对精准的农业气象服务，这些都能帮你更好地做决策。\n\n2. **灾害预警系统**：手机短信通知是个很好的方式，简单直接。此外，也可以通过村里的广播、微信等方式，确保信息能够迅速传达给每一位农民。\n\n3. **农业保险**：农业保险确实是个保障，但选择时也要擦亮眼睛，了解清楚保险条款，选择适合自己的保险产品。\n\n4. **技术培训和指导**：对于技术培训，我建议可以请一些经验丰富的农业技术专家，用通俗易懂的语言，结合实际操作来进行培训，这样大家更容易接受和掌握。\n\n5. **科研合作**：跟科研机构合作是好事，可以尝试一些新技术和新品种。不过，引进之前最好是先看看这些技术或品种在其他地方的实践效果。\n\n关于新品种尝试，你说的先小面积试种是个很稳妥的做法，这样可以降低风险，同时也能更好地评估新品种的适应性和产量。\n\n最后，我想强调的是：\n\n- **实地观察**：种地还得靠自己，但也不能忽视实地观察。土壤、气候、病虫害等情况都是变化的，多观察，及时调整管理措施。\n\n- **记录和分析**：记录种植过程中的各种数据，比如施肥、灌溉、收成等，定期分析这些数据，能帮你更好地了解和管理你的农田。\n\n咱们共同努力，相信年年都能有个好收成！加油！', 'AGRONOMIST', '2025-03-14 15:48:58.235839', 'SIM-1741880356229');
INSERT INTO `agent_dialogue` VALUES (106, 'AGENT-1741937271422', '哎呀，寒潮对农作物的影响可不小。首先，得看你那边具体种了哪些作物。不过，一般来说，我建议你采取以下几个措施：\n\n1. **及时防寒**：给作物覆盖保温材料，比如薄膜、稻草等，尤其是那些比较娇气的作物，像是一些蔬菜和水果。\n\n2. **加强排水**：寒潮往往伴随着雨水，要防止田间积水，以免作物受冻害。\n\n3. **适时施肥**：寒潮过后，可以适量施用一些磷钾肥，帮助作物恢复生长。\n\n4. **检查作物状况**：寒潮过后，要及时检查作物有没有冻伤，对于冻伤的部分要及时剪除。\n\n5. **预防病虫害**：低温可能会降低作物的抵抗力，容易受到病虫害的侵扰，要提前做好预防工作。\n\n6. **调整种植计划**：如果寒潮造成了一定损失，要考虑调整后续的种植计划，选择一些更耐寒或者生长周期较短的作物。\n\n记得多关注天气预报，及时采取措施。你那边具体情况怎么样？已经采取了哪些措施？我们可以再具体讨论讨论。', 'FARMER', '2025-03-14 15:57:05.766084', 'SIM-1741937262514');
INSERT INTO `agent_dialogue` VALUES (107, 'AGENT-1741937726468', '嗯，这几个措施提得挺到位的。我这边主要是种了一些蔬菜和冬小麦。确实，寒潮一来，我们得赶快行动起来。\n\n1. 对，我昨天就开始给菜地盖薄膜了，这东西确实管用，能保暖还能防雨。\n\n2. 排水这块我也特别注意了，清理了排水沟，防止积水。\n\n3. 施肥这个，我打算等寒潮过去了，看看作物的情况再说，确实需要补充点营养。\n\n4. 对，寒潮一过，我得赶紧检查一下，该剪的剪，该补种的补种。\n\n5. 病虫害这块，我计划提前喷点药，预防一下，不能让作物再受打击。\n\n6. 至于种植计划，我得看看这次寒潮的具体影响，如果损失大了，可能真得调整一下。\n\n你说的关注天气预报特别对，这天气变化快，得随时准备着。还有什么别的建议或者经验，大家也可以分享一下，一起应对这寒潮。', 'FARMER', '2025-03-14 15:57:13.051102', 'SIM-1741937262514');
INSERT INTO `agent_dialogue` VALUES (108, 'AGENT-1741937809326', '嗯，听起来你已经做了很多准备工作了，这很好！我种地也有几年经验了，针对你说的这些，我再补充几点：\n\n1. 给菜地盖薄膜是个好办法，记得要盖得牢靠些，防止被风吹走。如果条件允许，可以多盖一层，保暖效果更好。\n\n2. 清理排水沟很关键，寒潮后的融雪水要是积在地里，那可真是雪上加霜。\n\n3. 施肥的事情，我觉得你可以根据天气预报来决定，如果寒潮持续时间长，可能提前施点磷钾肥会好一些，增强作物的抗寒能力。\n\n4. 检查作物的时候，注意不要急着一剪子下去，有的作物表面看起来冻伤了，其实里面可能还活着，可以等等看。\n\n5. 喷药预防病虫害这个，我觉得可以，但要注意药的品种和用量，别因为防寒就忽视了农药的安全间隔期。\n\n6. 种植计划这块，我同意你的看法，得看实际情况。不过，也可以考虑种点早熟或者耐寒的品种，增加点保险系数。\n\n另外，我还想提醒你，寒潮期间尽量减少户外活动，注意自己的身体，别忙活过头了。还有，可以准备一些应急物资，比如燃油、种子、肥料啥的，以防万一。大家一起加油，肯定能顺利度过这个寒潮！', 'FARMER', '2025-03-14 15:57:22.667222', 'SIM-1741937262514');
INSERT INTO `agent_dialogue` VALUES (109, 'AGENT-1741938393890', '哎，你说得真挺全面的，我基本上都同意。尤其是盖薄膜和清理排水沟，这俩事儿特别重要，一定得做好。我补充几点：\n\n1. 对，薄膜得多留意，风大的时候得加固，不然真的一阵风就给吹跑了，那可就白忙活了。\n\n2. 施肥这块，我一般是看天气预报，要是寒潮确实厉害，我会在寒潮来临前施点磷钾肥，增强作物的抗寒力，你这主意不错。\n\n3. 检查作物的时候，我一般会先轻轻碰碰，看看是不是真冻透了。你说的对，别急着剪，有时候作物自己能缓过来。\n\n4. 喷药这个，确实得注意安全间隔期，不能因为心急就乱用药，那对作物和人体都不好。\n\n5. 种植计划，我觉着你说的早熟或耐寒品种可以考虑，多样化种植总没坏处，能增加点稳定性。\n\n6. 你提醒的减少户外活动和准备应急物资，真是太对了。这大冷天的，人身安全最重要，而且有备无患，总得提前准备点东西。\n\n大家互相提醒，互相帮忙，咱们农民就得团结起来，共同应对这些自然灾害。谢谢你的建议，希望咱们都能平平安安度过这个寒潮！', 'FARMER', '2025-03-14 15:57:32.080719', 'SIM-1741937262514');
INSERT INTO `agent_dialogue` VALUES (110, 'AGENT-1741939008516', '嗯，听你这么一说，我觉得你已经是准备得很周到了。我完全赞同你的观点，尤其是薄膜加固和作物检查那块，确实得细心点。我这儿再补充几点：\n\n1. 薄膜加固，你可以试试在边缘压点土或者用点重物压着，这样风吹不动，也更保险。\n\n2. 施肥这块，确实得看天气，磷钾肥能提高作物的抗寒性，但也要注意不要过量，免得伤根。\n\n3. 对，作物冻伤后，不要急于剪除，像我有时候会稍微修剪一下，然后观察几天，看能不能自己恢复。\n\n4. 喷药安全间隔期这个，你说的很对，不能急，得按照规定的来做，安全第一。\n\n5. 种植计划上，多样化种植确实好，可以降低风险，早熟和耐寒品种结合，能保证咱们有个不错的收成。\n\n6. 户外活动和应急物资，这大冷天的，确实得注意身体，别冻着了。应急物资得提前准备，比如防寒衣物、燃料、食物啥的，有备无患。\n\n咱们农民之间就是要互相帮助，分享经验，这样面对自然灾害咱们才能更有底气。希望咱们都能安全度过这个寒潮，来年有个好收成！加油！', 'FARMER', '2025-03-14 15:57:42.525343', 'SIM-1741937262514');
INSERT INTO `agent_dialogue` VALUES (111, 'AGENT-1741880418333', '嗯，提升农场产量涉及到很多因素，包括土壤条件、气候、灌溉、作物种类和种植技术等。首先，我想了解一下你的农场具体在哪里，因为不同的地理位置气候条件差异很大，这会直接影响到作物的选择和种植策略。\n\n另外，你现在的农场环境有没有具体的问题？比如土壤肥力、病虫害情况、灌溉设施等。基于这些信息，我可以给你一些建议。\n\n1. **土壤管理**：确保土壤肥力充足，可以通过土壤测试来了解土壤的具体需求，然后有针对性地施肥。\n\n2. **灌溉**：合理灌溉非常重要，根据当地的气候条件和作物需水量来调整灌溉计划。\n\n3. **作物轮作**：这有助于防止土壤疲劳和减少病虫害的发生。\n\n4. **选用适应性强的品种**：根据你所在地的气候和土壤条件，选择最适合的作物品种。\n\n5. **气候变化**：作为气象专家，我建议你关注长期的天气预报，以便及时调整种植计划，减少气候风险。\n\n6. **病虫害防治**：定期检查作物，提前做好病虫害的预防工作。\n\n如果你能提供更多具体信息，我可以给出更加针对性的建议。怎么样，你能分享一些农场当前的具体情况吗？', 'METEOROLOGIST', '2025-03-15 14:54:09.057191', 'SIM-1741880356229');
INSERT INTO `agent_dialogue` VALUES (112, 'AGENT-1741880475079', '嗯，你说的这些点都很重要。确实，要提升农场产量，咱们得从多个方面下手。我补充一下，你提到的土壤测试，这个真的很关键。很多农户就是忽视了这一点，结果施肥不当，既浪费了钱，还没啥效果。\n\n至于我这边的情况嘛，我这边主要是种小麦和玉米，农场在北方，土壤碱性有点大，灌溉设施还算齐全，但是这几年病虫害有点多，尤其是玉米上的害虫，让我挺头疼的。\n\n针对你说的几点，我这边已经有在做土壤测试和轮作，但是品种选择上可能还得再研究研究。你说的气候变化，我也有注意，但是这玩意儿预测起来挺难把握的，有时候计划赶不上变化啊。\n\n所以，我想听听你作为农业专家的具体建议：\n\n1. 对于碱性土壤，我该怎么做才能改善土壤质量？\n2. 除了轮作，还有什么好方法能减少病虫害？\n3. 品种选择上，有没有什么特别适应碱性土壤和北方气候的推荐？\n\n能给点专业的意见吗？谢谢啦！', 'AGRONOMIST', '2025-03-15 14:54:16.596740', 'SIM-1741880356229');
INSERT INTO `agent_dialogue` VALUES (113, 'AGENT-1741882811281', '嗯，你提到的问题确实挺棘手的，但我可以给你一些建议。\n\n1. 对于碱性土壤，你可以尝试施用有机肥料，比如农家肥，这不仅能提供营养，还能改善土壤结构，降低土壤碱性。另外，可以考虑使用硫磺粉来调节土壤pH值，但这个得根据土壤测试结果来定量。\n\n2. 除了轮作，还可以采用生物防治和物理防治的方法减少病虫害。比如，引入一些天敌昆虫，或者使用诱捕器来捕捉害虫。对于玉米上的害虫，可以试试设置频振式杀虫灯，对一些夜间活动的害虫效果不错。\n\n3. 品种选择上，确实得挑一些适应碱性土壤和北方气候的。你可以咨询当地的农业科研机构，他们通常会有推荐。对于小麦和玉米，有些品种对碱性土壤的耐受性更强，而且生育期和抗病性也更适合北方。\n\n至于气候变化，确实是个挑战。我建议你可以关注短期和长期的气象预报，虽然不能完全准确，但至少能给你个大致的方向。现在有些农业气象服务也会提供更专业的农业气候预报，比如什么时候是播种的最佳时期，什么时候可能会有霜冻，这些信息对你的种植计划会有很大帮助。\n\n总之，农业这行，既要靠科学，也要靠经验。希望我说的这些能帮到你，有什么疑问我们再一起探讨。', 'METEOROLOGIST', '2025-03-15 14:54:26.064488', 'SIM-1741880356229');
INSERT INTO `agent_dialogue` VALUES (114, 'AGENT-1741882822195', '嗯，我作为气象专家，对之前的建议基本赞同。确实，气候变化对农业生产影响巨大，所以我们得充分利用气象预报来指导农事活动。\n\n1. 对于土壤调节这块，硫磺粉的使用确实可以改善土壤pH值，但得注意不要过量，以免造成新的土壤问题。\n\n2. 生物防治和物理防治是减少化学农药使用的有效方式，对环境友好，也能保护作物。\n\n3. 品种选择上，我完全同意得找适合当地气候和土壤条件的。农业科研机构的推荐通常很靠谱，他们还会考虑到未来的气候趋势，给出更加前瞻性的建议。\n\n至于气候变化这块，我有几点补充：\n\n- **短期天气预报**：确实，短期预报对农事活动很有帮助，比如避开了不利天气条件下的播种和施肥。\n\n- **长期气候趋势**：你还可以关注一下长期的气候趋势，这有助于你调整种植结构和选择适应性更强的作物品种。\n\n- **极端天气事件**：近年来极端天气事件增多，比如强降雨、高温干旱等，这些对作物生长影响很大。建议提前做好应对措施，比如建立灌溉系统、储备抗旱物资等。\n\n- **农业保险**：考虑到气候变化带来的不确定性，可以考虑购买农业保险，这样在遭遇极端天气时，能够减轻经济损失。\n\n总之，农业生产要综合考虑气象因素，合理安排种植计划。希望我的建议能对你有所帮助，有其他问题随时可以讨论。', 'METEOROLOGIST', '2025-03-15 14:54:36.771969', 'SIM-1741880356229');
INSERT INTO `agent_dialogue` VALUES (115, 'AGENT-1741882987560', '嗯，听了大家的建议，我觉得挺有道理的。我作为农民，确实得跟着气候走，合理安排农事活动。\n\n1. 土壤调节这块，我注意到了硫磺粉的使用，这个我会控制好量，毕竟土壤健康是作物生长的基础。\n\n2. 生物防治和物理防治这个方法我也试试，减少化学农药的使用，对环境好，也能保护我们自己的健康。\n\n3. 品种选择上，我回头联系联系农业科研机构，看看他们有没有什么好推荐的品种，适合我们这边的情况。\n\n至于气候变化这块，我特别赞同短期和长期天气预报的重要性，这对我们决定什么时候播种、施肥、收割都特别有用。\n\n极端天气这块，确实得提前做好准备。我们已经在考虑建立更完善的灌溉系统了，也得多储备些抗旱物资。农业保险这个事儿，我也得研究研究，毕竟天有不测风云，有个保障心里踏实。\n\n最后，我还想问问，有没有什么好方法能提高作物对极端天气的抗性，比如选种或者管理上的技巧？毕竟，预防总比事后补救强。大家有什么好主意，也请不吝赐教啊！', 'FARMER', '2025-03-15 14:54:46.075242', 'SIM-1741880356229');
INSERT INTO `agent_dialogue` VALUES (116, 'AGENT-1741883009473', '听了你的计划，我觉得你方向把握得很对，确实是个有远见的农民。关于提高作物对极端天气的抗性，我这里有几个建议：\n\n1. **选种方面**：选择那些适应性广、抗逆性强的品种。比如，有些小麦和玉米品种在干旱或高温条件下表现更好。农业科研机构能提供这方面的专业指导。\n\n2. **种植管理**：可以尝试一些先进的种植技术，比如节水灌溉、地膜覆盖等，这些都能在一定程度上减轻极端天气对作物的影响。\n\n3. **土壤管理**：加强土壤有机质的投入，比如增施有机肥，提高土壤的保水和供肥能力，这样作物在面对极端天气时，能有一定的缓冲。\n\n4. **提前播种**：如果预测到将来的气候条件可能不利于作物生长，可以考虑提前播种，尽量让作物在极端天气到来之前就完成生长周期。\n\n5. **抗性品种的培育**：长期来看，可以通过与科研机构合作，培育更适合当地气候变化的抗性品种。\n\n6. **灾害预警系统**：可以利用现有的农业气象预警系统，及时获取天气变化信息，快速响应。\n\n至于农业保险，确实是个好主意，它能帮你分担一部分风险。但是购买之前，一定要详细了解保险条款，选择最适合自己农场情况的保险产品。\n\n总之，提高作物对极端天气的抗性，是个系统工程，需要多方面综合考虑。希望我的建议能对你有所帮助，如果有其他问题，随时欢迎提问。咱们共同努力，让农业更加稳健发展！', 'AGRONOMIST', '2025-03-15 14:54:57.566760', 'SIM-1741880356229');
INSERT INTO `agent_dialogue` VALUES (117, 'AGENT-1741937271422', '好的，要提升农场产量，首先得了解一下你现在的种植情况，比如种的是哪些作物，农场的大致规模，以及你目前使用的农业管理技术。不过，既然是要简单说说，我就先给你一些通用的建议：\n\n1. 土壤管理：确保你的土壤肥力充足。可以定期做土壤测试，根据测试结果调整施肥计划，增加有机肥料的使用，改善土壤结构。\n\n2. 灌溉：合理灌溉对提高产量至关重要。根据作物需水量和当地气候条件，制定灌溉计划，避免水分过多或过少。\n\n3. 种植密度：合理调整作物种植密度，根据作物种类和生长习性，保证每棵植物有足够的生长空间和光照。\n\n4. 病虫害防治：提前做好病虫害防治工作，采用物理、化学和生物方法相结合的方式来减少病虫害的发生。\n\n5. 农业科技：可以考虑引进一些先进的农业技术，比如精准农业、智能灌溉系统、农业无人机等，提高管理效率和产量。\n\n6. 品种选择：选择适合当地气候和土壤条件的优良品种，这样更容易获得高产。\n\n7. 农场管理：加强农场日常管理，比如及时除草、修剪枝叶，以及适时收获，这些都能直接影响到产量。\n\n如果你能提供更具体的农场信息，我可以给出更加针对性的建议。怎么样，这些对你有帮助吗？', 'FARMER', '2025-03-15 14:57:48.432332', 'SIM-1741937262514');
INSERT INTO `agent_dialogue` VALUES (118, 'AGENT-1741937726468', '嗯，你说的这些通用建议确实挺到位的。我补充几点吧：\n\n1. 土壤管理这块，我特别赞同定期做土壤测试，这样确实能更科学地施肥。有机肥料这块，如果能做到自给自足，比如用农家肥，那就更经济环保了。\n\n2. 灌溉这块，我建议你可以考虑滴灌或者喷灌系统，这比传统的灌溉方式节水多了，而且能更精准地给作物供水。\n\n3. 种植密度，这个真得根据实际情况来，不能一味地追求密植，有时候适当稀植，作物长得更好。\n\n4. 病虫害防治，我同意得提前做，而且得综合防治。化学农药这块，尽量选用低毒、低残留的，减少对环境的影响。\n\n5. 农业科技这块，我觉得可以逐步来，先从投入产出比最高的技术开始尝试，比如智能灌溉，这玩意儿确实能省不少事儿。\n\n6. 品种选择，这个得看你的市场定位了。如果是面向高端市场，可以选择一些特色品种，如果是大众市场，那就选一些产量高、抗病性强的品种。\n\n7. 农场管理，这个日常的工作确实不能忽视，尤其是除草和修剪，做得好，作物长势肯定差不了。\n\n如果你能具体说说你农场的情况，比如种的是小麦、玉米还是水果蔬菜，面积有多大，用的啥灌溉方式，那咱们可以更具体地聊聊怎么提高产量。怎么样，说说你的具体情况吧？这样我能给的建议也更精准一些。', 'FARMER', '2025-03-15 14:57:59.373790', 'SIM-1741937262514');
INSERT INTO `agent_dialogue` VALUES (119, 'AGENT-1741937809326', '哎，你说的这些我都挺赞同的。土壤测试这事儿，确实得定期做，不然你瞎施肥，不仅浪费钱，还可能把土壤给整坏了。有机肥料这块，我就是在用自家的农家肥，环保还实惠。\n\n灌溉这块，我早就想试试滴灌了，听说节水效果特别明显，还能减少病害，因为水直接滴到根上，不像大水漫灌那样容易让叶子湿漉漉的，招病害。\n\n种植密度啊，我去年就是密植了点，结果发现通风不良，光照也不够，今年我打算适当稀植，看看效果怎么样。\n\n病虫害防治，我一直是尽量用生物防治，化学农药确实得选低毒的，对环境好，农产品也更安全。\n\n农业科技这块，我是打算慢慢来，先从简单的智能灌溉做起，逐步提高农场的科技含量。\n\n品种选择，我这个还得根据实际销售情况来定，你说的对，高端市场就选特色品种，大众市场就选产量高的。\n\n农场管理，确实是日常活儿不能忽视，我今年还打算请几个帮手，专门负责这块儿，保证作物长得更好。\n\n至于我的具体情况，我主要种的是苹果和玉米，大概有100亩地，现在用的是传统的沟灌，所以我想改革的地方还挺多的。你看看，针对我这种情况，有没有什么特别好的建议？', 'FARMER', '2025-03-15 14:58:13.086625', 'SIM-1741937262514');
INSERT INTO `agent_dialogue` VALUES (120, 'AGENT-1741938393890', '嗯，听你这么一说，感觉你对自己的农场还是有挺多计划的，这很不错！针对你种苹果和玉米，100亩地，用沟灌这些情况，我给你几点建议：\n\n首先，土壤测试这块，你做得对，定期做确实很重要。用农家肥是个好办法，环保又能提高土壤有机质，但要注意合理施用，避免过量。\n\n关于滴灌，我强烈建议你试试看。节水省肥，对苹果树和玉米都好。你可以先小面积试点，比如选几亩地做实验，看看效果再决定是否全面推广。\n\n种植密度这块，你已经有经验了，适当稀植确实有助于改善光照和通风。但也要注意，不是稀植就能提高产量，还得结合品种和土壤条件来看。\n\n病虫害防治，生物防治是个好方法，尽量保持吧。化学农药的话，选低毒的是对的，但还是要按照规范使用，注意轮换用药，避免抗药性。\n\n农业科技这块，逐步引进是个稳妥的做法。智能灌溉可以先从最重要的地块开始，比如苹果园，因为果树对水分要求更高。\n\n品种选择上，我同意你的看法。不过，针对高端市场，你可以考虑种植一些绿色、有机的苹果品种，现在消费者很注重健康。大众市场的玉米，可以选一些生长期短、抗病性强的品种。\n\n至于农场管理，请帮手是个好主意。不过，在请人之前，最好先培训一下，让他们了解你的种植理念和操作规程，这样管理起来更统一，效率也更高。\n\n最后，沟灌改造成滴灌，这是个系统工程，需要一定投入。你可以考虑申请政府的农业补贴，或者找专业公司来做，他们可能会提供一些融资方案或者技术支持。\n\n总之，慢慢来，一步步改进，你的农场肯定会越做越好！', 'FARMER', '2025-03-15 14:58:25.865034', 'SIM-1741937262514');
INSERT INTO `agent_dialogue` VALUES (121, 'AGENT-1741939008516', '嗯，你提的建议都很实在，我这边儿也确实是这么打算的。土壤测试这块儿，我以后会注意，不能光顾着环保，还得科学施肥，不能过量。\n\n滴灌这个，我听你说完更心动了，确实得试试。先小面积试点，看看效果，要是好，我再大面积推广。\n\n种植密度嘛，我懂了，不能光看稀植还是密植，得综合考虑，每个作物都有自己的最佳密度。\n\n病虫害防治，我一直挺重视生物防治的，尽量少用化学农药。不过你提醒得对，得注意轮换用药，防止害虫产生抗药性。\n\n农业科技这块，我同意逐步引进，一步一个脚印，先从最需要的地块开始。\n\n品种选择，我会在你说的方向上再深入研究，高端市场就搞点有机的，大众市场就选那些产量高、抗病性强的。\n\n至于农场管理，培训帮手这个主意好，统一规程，提高效率，这样大家都轻松。\n\n沟灌改滴灌，我确实得好好考虑投入和补贴的问题，不能盲目投资，得算算账，看看怎么划算怎么来。\n\n谢谢你啊，这些建议对我来说都很实用，我会一步步来，希望农场能经营得越来越好！', 'FARMER', '2025-03-15 14:58:36.739762', 'SIM-1741937262514');
INSERT INTO `agent_dialogue` VALUES (122, 'AGENT-1741937271422', '哎呀，寒潮对农作物的影响可不小。首先，得看你们那的主要作物是啥，以及作物的生长阶段。不过，这里有几个通用的建议：\n\n1. **防寒措施**：对于一些比较不耐寒的作物，比如蔬菜和水果，得考虑采取一些覆盖措施，比如用塑料薄膜或者稻草覆盖，减少冻害。\n\n2. **灌溉管理**：寒潮来临前，可以适当增加灌溉，因为水分可以提高土壤的热容量，帮助作物抵抗低温。\n\n3. **修剪整理**：对于一些果树，可以适当修剪掉一些嫩枝和嫩叶，减少因冻害造成的营养损失。\n\n4. **施肥**：在寒潮来临前，可以适当施用一些磷钾肥，提高作物的抗寒能力。\n\n5. **及时清理**：寒潮过后，要及时清理被冻死的枝叶，防止病害的发生。\n\n6. **关注天气预报**：随时关注天气变化，如果预报说寒潮会持续或者反复，那得做好长期的防寒准备。\n\n当然，具体情况具体分析，这些只是一般性的建议。你们那具体情况咋样？还有没有其他问题或者已经采取的措施？我们可以一起讨论讨论。', 'FARMER', '2025-03-15 16:19:52.738895', 'SIM-1741937262514');
INSERT INTO `agent_dialogue` VALUES (123, 'AGENT-1741937726468', '哎呀，这位老兄说的挺在理的。我们这边也是种了不少蔬菜和水果，确实得注意这些防寒措施。我补充几点吧：\n\n1. **防寒措施**：我赞同用塑料薄膜或者稻草覆盖，尤其是晚上，能起到很好的保温作用。有时候我们还会用大棚，里面再点上几个增温灯，效果也不错。\n\n2. **灌溉管理**：对，得提前浇水，但是也别浇太多，防止土壤结冰，影响根系呼吸。\n\n3. **修剪整理**：这个我也同意，不过还得注意修剪的时机和方式，别伤了树体，影响明年长势。\n\n4. **施肥**：磷钾肥确实能提高抗寒性，但是量不要太多，避免烧根。\n\n5. **及时清理**：寒潮一过，确实得赶紧清理，还能减少病虫害的发生。\n\n6. **关注天气预报**：这个特别重要，有时候预报不准，我们得随时准备调整防寒措施。\n\n另外，我还想补充一点，就是可以提前准备一些抗寒剂或者植物生长调节剂，这些都能帮助作物更好地抵抗低温。大家已经采取了哪些措施？有没有遇到什么难题？我们可以一起商量商量解决办法。', 'FARMER', '2025-03-15 16:20:01.031512', 'SIM-1741937262514');
INSERT INTO `agent_dialogue` VALUES (124, 'AGENT-1741937809326', '嗯，这位兄弟说的挺全面的，我基本上都同意。我们种的蔬菜水果确实得做好防寒工作，不然一年的辛苦就白费了。\n\n1. **防寒措施**：我也常用塑料薄膜和稻草，确实管用。大棚加增温灯也是个好办法，能提升棚内温度，但要注意用电安全，别引起火灾。\n\n2. **灌溉管理**：对，浇水得适量，我通常会在寒潮来临前两天浇一次，保证土壤湿润但又不会太湿。\n\n3. **修剪整理**：修剪这块儿，我得强调一下，确实得看时机，不能太早也不能太晚，剪的时候得注意留些活枝，别把明年开花的枝给剪了。\n\n4. **施肥**：磷钾肥我用得也比较多，确实能增强作物的抗寒能力。量上要控制好，我一般是按照推荐比例的70%-80%来施。\n\n5. **及时清理**：寒潮过后，我也习惯赶紧收拾一下，这样不仅减少病虫害，也能让园子看起来更整洁。\n\n6. **关注天气预报**：这个我得着重说一下，天气预报有时候会有变动，我一般会关注几个不同的预报渠道，综合判断。\n\n至于你提到的抗寒剂或者植物生长调节剂，我之前也试过，确实有帮助。但这个得根据自家的具体情况来，不是所有作物都适用，用之前最好咨询下专业人士。\n\n大家如果有什么难题，咱们一起讨论讨论，集思广益，总能找到解决的办法。比如，有人遇到过浇水后土壤结冰的问题吗？或者大家在大棚使用上有啥经验教训？分享一下，互相学习嘛。', 'FARMER', '2025-03-15 16:20:16.200703', 'SIM-1741937262514');
INSERT INTO `agent_dialogue` VALUES (125, 'AGENT-1741938393890', '嗯，几位兄弟说的都挺有道理的。我种地这些年，也积累了一些经验，给大家伙儿补充补充。\n\n1. **防寒措施**：我同意用塑料薄膜和稻草，确实能起到保暖作用。大棚加增温灯这个办法我也试过，确实能升温，但是电费也是一笔开销，得权衡利弊。对了，还得注意通风，防止棚内湿度过高引发病害。\n\n2. **灌溉管理**：浇水这个事儿，确实得注意。我一般会在寒潮前一周左右浇一次透水，然后寒潮来的时候尽量不浇水，防止结冰。\n\n3. **修剪整理**：修剪这块，我同意得看时机，还得看作物种类。比如葡萄，我就得早点剪，免得养分浪费在死枝上。\n\n4. **施肥**：磷钾肥我用得也比较多，但我还会加点有机肥，增强土壤的保温能力，对作物生长也有好处。\n\n5. **及时清理**：寒潮一过，确实得赶紧收拾，这个没毛病。我还会顺带检查一下作物有没有受伤，及时处理。\n\n6. **关注天气预报**：这个我也经常做，毕竟天气是说变就变的，得多留个心眼。\n\n至于抗寒剂或者植物生长调节剂，我用的不多，但是如果有条件，确实可以试试。用之前最好是咨询专业人士，别盲目跟风。\n\n说到难题，我这边遇到过浇水后土壤结冰的问题，后来我试着在浇水后覆盖一层薄稻草，效果还不错。大棚使用上，我建议大家要注意骨架的稳固性，防止雪重压塌了。\n\n咱们互相学习，共同进步嘛！有啥好办法，别藏着掖着，都说出来，一起提高种植技术。', 'FARMER', '2025-03-15 16:20:29.015123', 'SIM-1741937262514');
INSERT INTO `agent_dialogue` VALUES (126, 'AGENT-1741939008516', '几位兄弟说的真是实在，我也来凑个热闹，添补几句。\n\n1. **防寒措施**：我种的菜也常用塑料薄膜和稻草，确实管用。大棚加增温灯这个，确实得权衡一下成本和效益，而且通风确实重要，我一般会在中午温度高点儿的时候开一会儿通风。\n\n2. **灌溉管理**：浇水这个，我一般也会在寒潮前一周左右浇透水，之后尽量不浇。有时候我也会在土壤表面撒上一层薄薄的锯末，这样也能减少水分蒸发，保持土壤温度。\n\n3. **修剪整理**：修剪这块儿，我也同意得看作物种类和时机。我种的果树，我就会在春天快来临前修剪，免得养分浪费。\n\n4. **施肥**：我也喜欢用点有机肥，对土壤好，还能增加点土壤微生物，对作物生长确实有帮助。\n\n5. **及时清理**：寒潮过后，我也赶紧收拾，还会喷点防病药剂，预防一下。\n\n6. **关注天气预报**：这真是咱农民的必修课，得时刻关注着，做好应对准备。\n\n至于抗寒剂或者植物生长调节剂，我用的也不多，但是确实有条件可以试试。咨询专业人士这个主意好，我也打算这么做。\n\n说到浇水后土壤结冰的问题，我试试你那办法，覆盖稻草，听起来挺靠谱。大棚稳固性这个，我也得检查检查，去年就差点儿被雪压塌了。\n\n大家互相交流，确实能涨不少知识。我有个小经验，就是寒潮来之前，我会把一些容易受冻的作物，比如西红柿，用塑料袋套上，也能起到一定的保护作用。大家也可以试试看。', 'FARMER', '2025-03-15 16:20:42.448233', 'SIM-1741937262514');
INSERT INTO `agent_dialogue` VALUES (127, 'AGENT-1742026776404', '嗯，几位兄弟的办法都挺有道理的。我种地这些年，也摸索出一些经验，来跟大家分享一下。\n\n1. **防寒措施**：我同意用塑料薄膜和稻草，确实管用。大棚加增温灯这个，我也试过，确实能起到一定效果，但是成本高了点。通风这块儿，确实得注意，我通常也是选择温度高点的时候通风，避免冷风直接吹到作物上。\n\n2. **灌溉管理**：浇水这个，我一般也是在寒潮前一周左右浇透水，后面就尽量不浇了。锯末这个办法好，我有时候也会用，确实能减少水分蒸发，还能改善土壤结构。\n\n3. **修剪整理**：修剪确实得看作物种类和时机，我种的果树也是春天来临前修剪，这样有利于果树春季生长。\n\n4. **施肥**：有机肥是个好东西，我也常用。它不仅能提供营养，还能改善土壤环境，对作物生长大有好处。\n\n5. **及时清理**：寒潮过后，及时清理是必须的，喷点防病药剂预防也是好习惯。\n\n6. **关注天气预报**：这事儿咱们都得重视，提前做好准备，总能减少损失。\n\n至于抗寒剂或者植物生长调节剂，我用的也不多，但如果有条件，确实可以试试。咨询专业人士这个主意好，我也打算这么做。\n\n浇水后土壤结冰的问题，覆盖稻草是个办法，我也常用。大棚稳固性这个，确实得注意，每年都得检查加固，以防万一。\n\n最后，我赞同你用塑料袋套西红柿的做法，这个方法简单有效，我有时候也会这么做。大家互相交流，共同进步，这样才能种出更好的庄稼。还有，如果大家有啥好方法，记得分享出来，一起学习，一起发财嘛！', 'FARMER', '2025-03-15 16:20:55.600472', 'SIM-1741937262514');
INSERT INTO `agent_dialogue` VALUES (128, 'AGENT-1741937271422', '自然语言建议：洪水对农田的影响可能很大，首先需要确保人身安全。在洪水过后，你可以采取以下措施来减轻损失并尽快恢复农业生产：\n\n1. **评估损失**：检查农田的受损情况，评估哪些作物可以挽救，哪些需要重新种植。\n2. **排水**：如果农田还有积水，应尽快排水，避免作物长时间浸泡在水中，这会导致根部病害和作物死亡。\n3. **清理**：清除农田中的泥沙、杂物和已死亡的作物，以减少病害的传播。\n4. **土壤管理**：对受洪水影响的土壤进行翻耕和松土，以提高土壤的透气性和温度，促进微生物活动。\n5. **病害防治**：洪水过后，作物更容易受到病害的侵害，应及时喷洒适量的杀菌剂。\n6. **追肥**：由于洪水可能会冲走土壤中的养分，需要及时追肥，补充作物生长所需的营养。\n7. **重新种植**：对于无法挽救的作物，应尽快准备重新种植，选择适合当前季节和土壤条件的作物。\n\nJSON指令：\n```json\n{\n  \"type\": \"post-flood-recovery\",\n  \"actions\": [\n    {\"action\": \"evaluate-losses\", \"scope\": \"field\"},\n    {\"action\": \"drainage\", \"scope\": \"field\"},\n    {\"action\": \"clean-up\", \"scope\": \"field\"},\n    {\"action\": \"soil-management\", \"scope\": \"field\"},\n    {\"action\": \"disease-control\", \"scope\": \"crops\"},\n    {\"action\": \"fertilization\", \"scope\": \"crops\"},\n    {\"action\": \"replanting\", \"crop\": \"suggested-crop-name\", \"scope\": \"field\"}\n  ]\n}\n```\n\n请注意，以上JSON指令中的`\"crop\"`字段留空，你应该根据当地情况和农业周期选择合适的作物进行种植。在执行上述操作之前，最好咨询当地农业部门的建议，因为它们可能会根据当地的气候和土壤条件提供更具体的指导。', 'FARMER', '2025-03-15 16:47:34.701193', 'SIM-1741937262514');
INSERT INTO `agent_dialogue` VALUES (129, 'AGENT-1741937726468', '自然语言建议：如果你的农田遭受了洪水，首先需要确保你的安全。接下来，对于作物管理和恢复，我建议进行以下步骤：\n\n1. 快速排水，以减少作物浸泡时间。\n2. 清理农田中的泥沙和杂物。\n3. 检查作物的受损情况，并采取相应的措施。\n\n对于具体的作物管理：\n\n- 对于受损较轻的作物，可以考虑追肥和施用杀菌剂。\n- 对于受损严重的作物，可能需要考虑重新种植。\n\nJSON指令：\n```json\n{\n  \"type\": \"post-flood-recovery\",\n  \"crop\": \"wheat\", // 假设主要作物为小麦\n  \"actions\": [\n    {\"action\": \"drainage\", \"urgency\": \"high\"},\n    {\"action\": \"clean-up\", \"materials\": [\"debris\", \"mud\"]},\n    {\"action\": \"crop-inspection\", \"status\": \"evaluate-damage\"},\n    {\"action\": \"fertilization\", \"condition\": \"minor-damage\"},\n    {\"action\": \"fungicide-application\", \"condition\": \"minor-damage\"},\n    {\"action\": \"replanting\", \"condition\": \"major-damage\"}\n  ]\n}\n```\n\n请注意，上述JSON指令中的作物名称（\"crop\": \"wheat\"）应该根据你实际种植的作物进行修改。同样，\"condition\"字段用于指定特定行动的条件，例如作物受损的程度。这些指令应该根据你的具体情况和当地农业实践进行调整。', 'FARMER', '2025-03-15 16:47:44.935945', 'SIM-1741937262514');
INSERT INTO `agent_dialogue` VALUES (130, 'AGENT-1741937809326', '自然语言建议：作为农民，面对农田洪水，我建议首先确保个人安全，然后立即采取以下措施来恢复农田和作物。对于已经遭受洪水的冬小麦，我们应该：\n\n1. 尽快排水，避免作物长时间淹没。\n2. 清理田间的泥沙和杂物，保持土壤透气性。\n3. 对作物进行评估，确定哪些部分可以挽救，哪些需要重新种植。\n4. 对于可以挽救的作物，施用适量的肥料和杀菌剂，以防止病害发生。\n\nJSON指令：\n```json\n{\n  \"type\": \"flood-recovery\",\n  \"crop\": \"winter wheat\",\n  \"actions\": [\n    {\"action\": \"drainage\", \"urgency\": \"immediate\"},\n    {\"action\": \"clean-up\", \"materials\": [\"mud\", \"debris\"]},\n    {\"action\": \"crop-assessment\", \"purpose\": \"determine-salvage\"},\n    {\"action\": \"fertilization\", \"condition\": \"salvageable\", \"products\": [\"fertilizer\", \"fungicide\"]}\n  ]\n}\n```\n\n请根据实际情况调整作物名称和所需的具体肥料和杀菌剂类型。此外，如果当地政府或农业部门有额外的指导或支持，应当遵循并利用这些资源。', 'FARMER', '2025-03-15 16:47:54.036771', 'SIM-1741937262514');
INSERT INTO `agent_dialogue` VALUES (131, 'AGENT-1741938393890', '自然语言建议：作为农民，面对冬小麦田的洪水，我们首先要确保人身安全，然后迅速采取以下措施。立即进行排水，以减少作物被水浸泡的时间。随后清理田地中的泥沙和杂物，这有助于土壤恢复透气性。接着评估冬小麦的受损情况，对于仍有生存希望的作物，施加适量的肥料和杀菌剂，以促进恢复并防止病害。\n\nJSON指令：\n```json\n{\n  \"type\": \"flood-recovery\",\n  \"crop\": \"winter wheat\",\n  \"actions\": [\n    {\"action\": \"emergency-drainage\"},\n    {\"action\": \"field-cleanup\", \"materials\": [\"mud\", \"debris\"]},\n    {\"action\": \"crop-assessment\"},\n    {\"action\": \"fertilization\", \"products\": [\"nitrogen-fertilizer\", \"fungicide\"]}\n  ]\n}\n```\n请根据实际情况和可用资源调整具体的操作和使用的材料。如果可能，寻求当地农业专家的进一步指导。', 'FARMER', '2025-03-15 16:48:01.889709', 'SIM-1741937262514');
INSERT INTO `agent_dialogue` VALUES (132, 'AGENT-1741939008516', '自然语言建议：作为农民，面对冬小麦田的洪水，我们应该迅速采取以下措施。首先，尽快排出农田中的积水，以免作物长时间受淹。接着，清理田地中的泥沙和残枝，帮助土壤恢复。然后，对冬小麦进行评估，看哪些部分还有救。对于有望恢复的作物，我们要及时施用适量的氮肥和杀菌剂，以促进生长和预防病害。\n\nJSON指令：\n```json\n{\n  \"type\": \"flood-recovery\",\n  \"crop\": \"winter wheat\",\n  \"actions\": [\n    {\"action\": \"drainage\", \"urgency\": \"high\"},\n    {\"action\": \"clean-up\", \"materials\": [\"mud\", \"debris\"]},\n    {\"action\": \"crop-assessment\"},\n    {\"action\": \"fertilization\", \"products\": [\"nitrogen-fertilizer\", \"fungicide\"], \"condition\": \"recoverable\"}\n  ]\n}\n```', 'FARMER', '2025-03-15 16:48:09.219319', 'SIM-1741937262514');
INSERT INTO `agent_dialogue` VALUES (133, 'AGENT-1742026776404', '自然语言建议：首先，我建议你尽快启动排水系统，以减少冬小麦田的积水。随后，组织人力清理田地中的泥沙和残枝败叶。完成清理后，仔细评估冬小麦的受损程度，确定哪些区域可以挽救。对于可以恢复的作物，及时施用氮肥以促进生长，并喷洒杀菌剂预防病害。\n\nJSON指令：\n```json\n{\n  \"type\": \"flood-recovery\",\n  \"crop\": \"winter wheat\",\n  \"actions\": [\n    {\"action\": \"drainage\", \"urgency\": \"immediate\"},\n    {\"action\": \"clean-up\", \"materials\": [\"mud\", \"debris\"]},\n    {\"action\": \"crop-assessment\", \"purpose\": \"determine-recoverability\"},\n    {\"action\": \"fertilization\", \"products\": [\"nitrogen-fertilizer\"], \"condition\": \"recoverable\"},\n    {\"action\": \"disease-control\", \"products\": [\"fungicide\"], \"condition\": \"recoverable\"}\n  ]\n}\n```', 'FARMER', '2025-03-15 16:48:17.603768', 'SIM-1741937262514');
INSERT INTO `agent_dialogue` VALUES (134, 'AGENT-1741880418333', '自然语言建议：\n面对农田洪水，首先要确保人身安全。随后，可以采取以下措施以尽量减少损失：\n1. 尽快排涝：如果可能，使用排水泵或者协助政府部门进行排水工作，以减少农田积水。\n2. 检查作物受损情况：评估作物的受损程度，对于部分受损较轻的作物，可能还有挽救的机会。\n3. 清理农田：洪水过后，清除农田中的杂物、死株和病株，以减少病害传播的风险。\n4. 病虫害防治：洪水可能带来新的病虫害，需要及时进行防治。\n5. 施肥管理：根据土壤流失情况和作物需求，适时补充肥料。\n6. 重新种植：对于无法挽救的作物，考虑及时补种或者改种其他适宜的作物。\n\nJSON指令：\n```json\n{\n  \"type\": \"emergency_response\",\n  \"crop\": \"水稻/玉米/蔬菜等\",\n  \"actions\": [\n    {\"action\": \"drainage\", \"description\": \"尽快排涝\"},\n    {\"action\": \"damage_assessment\", \"description\": \"检查作物受损情况\"},\n    {\"action\": \"clean_up\", \"description\": \"清理农田\"},\n    {\"action\": \"pest_control\", \"description\": \"病虫害防治\"},\n    {\"action\": \"fertilization\", \"description\": \"施肥管理\"},\n    {\"action\": \"replanting\", \"description\": \"重新种植\"}\n  ]\n}\n```\n在上述JSON指令中，请根据实际情况替换 \"crop\" 字段的值，以指明受影响的作物种类。', 'METEOROLOGIST', '2025-03-15 16:48:31.832202', 'SIM-1741880356229');
INSERT INTO `agent_dialogue` VALUES (135, 'AGENT-1741880475079', '自然语言建议：\n洪水对农田的影响可能非常严重，需要采取一系列措施来减轻损失。首先，确保个人安全，然后：\n\n1. 快速排水：使用泵和其他排水设备尽快将水排出去。\n2. 评估作物损害：检查作物的受损程度，确定哪些作物可以挽救，哪些需要重新种植。\n3. 清理残留物：清除农田中的泥沙、杂物和受损的作物残留。\n4. 土壤管理：根据土壤流失情况，可能需要添加有机物或调整土壤pH值。\n5. 防治病虫害：洪水可能带来病虫害，需要及时进行防治。\n6. 施肥：根据土壤测试结果和作物需求，补充必要的营养素。\n7. 补种或改种：对于无法挽救的作物，考虑补种或改种其他适宜的作物。\n\nJSON指令：\n```json\n{\n  \"type\": \"flood_recovery\",\n  \"crop\": \"水稻\",\n  \"actions\": [\n    {\"action\": \"drainage\", \"urgency\": \"high\"},\n    {\"action\": \"damage_assessment\", \"priority\": \"medium\"},\n    {\"action\": \"clean_up\", \"priority\": \"high\"},\n    {\"action\": \"soil_management\", \"priority\": \"medium\"},\n    {\"action\": \"pest_control\", \"priority\": \"medium\"},\n    {\"action\": \"fertilization\", \"priority\": \"medium\"},\n    {\"action\": \"replanting\", \"priority\": \"low\"}\n  ]\n}\n```\n\n请根据实际情况替换 \"crop\" 字段的值，并根据具体需求调整 \"priority\"（优先级）和 \"urgency\"（紧急程度）的值。', 'AGRONOMIST', '2025-03-15 16:48:43.105693', 'SIM-1741880356229');
INSERT INTO `agent_dialogue` VALUES (136, 'AGENT-1741882811281', '自然语言建议：\n作为气象专家，面对农田洪水的情况，我建议首先关注天气变化，避免在排水和修复工作期间遭遇新的降水事件。其次，根据天气预报合理安排农田的恢复工作。以下是具体的建议：\n\n1. 监测天气：持续关注天气状况，特别是降水预报，以避免在恢复期间发生新的洪水。\n2. 适时排水：选择天气晴朗的时段，尽快进行农田排水，减少作物浸泡时间。\n3. 土壤评估：在排水后，评估土壤结构和肥力状况，必要时进行土壤改良。\n4. 防止病害：由于洪水可能导致土壤中病原体增多，需要采取防治措施，预防作物病害的发生。\n\nJSON指令：\n```json\n{\n  \"type\": \"weather_monitoring_and_recovery\",\n  \"crop\": \"水稻\",\n  \"actions\": [\n    {\"action\": \"weather_monitoring\", \"frequency\": \"daily\", \"purpose\": \"avoid_new_floods\"},\n    {\"action\": \"drainage\", \"timing\": \"during_fair_weather\", \"purpose\": \"minimize_crop_soaking\"},\n    {\"action\": \"soil_evaluation\", \"post_drainage\": \"immediate\", \"purpose\": \"determine_soil_condition\"},\n    {\"action\": \"disease_prevention\", \"post_drainage\": \"within_week\", \"purpose\": \"prevent_pathogens\"}\n  ]\n}\n```\n\n请根据实际情况替换 \"crop\" 字段的值，并根据当地气象条件和农田状况调整 \"frequency\"（频率）、\"timing\"（时机）和 \"purpose\"（目的）的值。', 'METEOROLOGIST', '2025-03-15 16:48:54.298917', 'SIM-1741880356229');
INSERT INTO `agent_dialogue` VALUES (137, 'AGENT-1741882822195', '自然语言建议：\n作为气象学家，我建议在洪水发生后，应密切监测天气状况，以便在适宜的天气窗口期进行农田恢复工作。以下是具体的操作建议：\n\n1. 持续监测天气模式，特别是降水预报，确保在排水和修复工作期间不会受到新的降雨影响。\n2. 在天气允许的情况下，迅速进行排水作业，减少作物浸泡时间，降低进一步损失。\n3. 排水后，立即评估土壤状况，并采取必要的措施来改善土壤结构。\n4. 预防性喷洒农药，以避免洪水带来的病虫害问题。\n\nJSON指令：\n```json\n{\n  \"type\": \"weather_guided_recovery\",\n  \"crop\": \"水稻\",\n  \"actions\": [\n    {\n      \"action\": \"weather_monitoring\",\n      \"frequency\": \"regular\",\n      \"purpose\": \"schedule_recovery_activities\"\n    },\n    {\n      \"action\": \"drainage\",\n      \"condition\": \"dry_weather\",\n      \"purpose\": \"minimize_crop_damage\"\n    },\n    {\n      \"action\": \"soil_evaluation\",\n      \"timing\": \"post_drainage\",\n      \"purpose\": \"initiate_soil_remediation\"\n    },\n    {\n      \"action\": \"pesticide_spraying\",\n      \"timing\": \"as_soon_as_possible\",\n      \"purpose\": \"prevent_flood_related_pests\"\n    }\n  ]\n}\n```\n\n请注意，上述JSON指令中的 \"crop\" 字段需要根据实际情况替换为受影响的作物名。其他字段，如 \"frequency\"、\"condition\"、\"timing\" 和 \"purpose\"，应依据具体的天气情况和农田恢复需求进行相应调整。', 'METEOROLOGIST', '2025-03-15 16:49:05.778065', 'SIM-1741880356229');
INSERT INTO `agent_dialogue` VALUES (138, 'AGENT-1741882987560', '自然语言建议：\n作为农民，面对洪水灾害，我会尽快采取以下措施来保护我的农田和作物：\n\n1. 紧急排水：等待天气转晴时，立即使用排水设备将农田中的积水排出，以免作物长时间浸泡。\n2. 土壤检查：排水后，检查土壤是否有板结或盐碱化，必要时进行松土或改良。\n3. 病虫害管理：洪水可能会带来害虫和病菌，需要及时喷洒农药进行防治。\n4. 评估作物损失：对作物进行评估，确定哪些作物可以挽救，哪些需要重新种植。\n5. 考虑补种：对于无法恢复的作物，选择合适的时机和作物种类进行补种。\n\nJSON指令：\n```json\n{\n  \"type\": \"flood_recovery_plan\",\n  \"crop\": \"水稻\",\n  \"actions\": [\n    {\"action\": \"emergency_drainage\", \"condition\": \"dry_weather\", \"purpose\": \"prevent_crop_damage\"},\n    {\"action\": \"soil_check\", \"timing\": \"post_drainage\", \"purpose\": \"assess_and_remediate_soil\"},\n    {\"action\": \"pest_management\", \"timing\": \"as_soon_as_possible\", \"purpose\": \"control_flood_related_pests\"},\n    {\"action\": \"crop_loss_evaluation\", \"timing\": \"post_drainage\", \"purpose\": \"decide_crop_salvage\"},\n    {\"action\": \"consider_replanting\", \"timing\": \"after_evaluation\", \"purpose\": \"minimize_yield_loss\"}\n  ]\n}\n```\n\n在上述JSON指令中，\"crop\" 字段应替换为受影响的实际作物名称。其他字段，如 \"condition\"、\"timing\" 和 \"purpose\"，应根据当地的具体情况和实际需求进行相应调整。', 'FARMER', '2025-03-15 16:49:19.795860', 'SIM-1741880356229');
INSERT INTO `agent_dialogue` VALUES (139, 'AGENT-1741883009473', '自然语言建议：\n作为农业专家，面对农田洪水，我建议采取以下措施以减轻损失：\n\n1. 立即进行排水作业，尤其是在天气条件允许的情况下。\n2. 排水后，对土壤结构和肥力进行评估，并根据需要采取改良措施。\n3. 对受洪水影响的作物进行病虫害检查，并实施必要的防治措施。\n4. 评估作物的损失程度，对于无法挽救的作物，考虑及时补种。\n\nJSON指令：\n```json\n{\n  \"type\": \"flood_recovery_operations\",\n  \"crop\": \"水稻\",\n  \"actions\": [\n    {\"action\": \"drainage\", \"condition\": \"dry_weather\", \"priority\": \"high\"},\n    {\"action\": \"soil_evaluation\", \"timing\": \"post_drainage\", \"priority\": \"medium\"},\n    {\"action\": \"pest_and_disease_control\", \"timing\": \"post_drainage\", \"priority\": \"medium\"},\n    {\"action\": \"crop_loss_assessment\", \"timing\": \"post_drainage\", \"priority\": \"medium\"},\n    {\"action\": \"replanting\", \"condition\": \"after_assessment\", \"priority\": \"low\"}\n  ]\n}\n```\n\n在上述JSON指令中，\"crop\" 字段应根据实际情况替换为受影响的作物名称。\"condition\" 和 \"timing\" 字段描述了执行操作的理想条件和时机，而 \"priority\" 字段则表示操作的优先级。这些字段应依据实际农田情况和当地气候条件进行调整。', 'AGRONOMIST', '2025-03-15 16:49:31.394604', 'SIM-1741880356229');
INSERT INTO `agent_dialogue` VALUES (140, 'AGENT-1741880418333', '自然语言建议：首先，确保你的人身安全是首要任务。洪水过后，需要尽快进行以下几步操作：评估农田损失，排除积水，检查土壤的盐分和污染物含量，根据作物的耐淹性决定是否补种或改种其他作物，以及进行病害防治。\n\n||JSON_START||\n{\n  \"type\": \"emergency_response\",\n  \"crop\": \"通用\",\n  \"actions\": [\n    {\"step\": \"评估损失\", \"description\": \"统计农田受淹面积和作物损失情况\"},\n    {\"step\": \"排除积水\", \"description\": \"使用排水泵或挖掘排水沟以排除多余积水\"},\n    {\"step\": \"土壤检测\", \"description\": \"取样检测土壤盐分和污染物含量\"},\n    {\"step\": \"作物处理\", \"description\": \"根据作物耐淹性决定是否补种或改种\"},\n    {\"step\": \"病害防治\", \"description\": \"对受影响的作物进行病害预防和治疗\"}\n  ]\n}\n||JSON_END||\n\n如果具体需要针对某种作物的建议，请提供作物名称和当前生长阶段，我可以提供更详细的指导。', 'METEOROLOGIST', '2025-03-15 16:57:32.850600', 'SIM-1741880356229');
INSERT INTO `agent_dialogue` VALUES (141, 'AGENT-1741880475079', '自然语言建议：对于遭受洪水的农田，首先应确保人员安全。随后，立即评估作物损失，并采取以下措施来恢复和挽救作物。\n\n||JSON_START||\n{\n  \"type\": \"recovery_plan\",\n  \"crop\": \"通用\",\n  \"steps\": [\n    {\n      \"step\": \"safety_check\",\n      \"description\": \"确保所有农业活动在安全的环境下进行\"\n    },\n    {\n      \"step\": \"damage_assessment\",\n      \"description\": \"评估洪水对作物造成的损害，记录损失情况\"\n    },\n    {\n      \"step\": \"drainage\",\n      \"description\": \"尽快排干农田积水，使用排水泵或挖掘排水沟\"\n    },\n    {\n      \"step\": \"soil_analysis\",\n      \"description\": \"采集土壤样本进行分析，检查盐分和污染物含量\"\n    },\n    {\n      \"step\": \"crop_management\",\n      \"description\": \"根据作物的耐淹性和生长阶段，决定是否补种或采取其他管理措施\"\n    },\n    {\n      \"step\": \"disease_control\",\n      \"description\": \"对受影响的作物进行病害监控和必要的防治措施\"\n    },\n    {\n      \"step\": \"fertilization\",\n      \"description\": \"根据土壤分析结果，适量施用肥料以促进作物恢复生长\"\n    },\n    {\n      \"step\": \"monitoring\",\n      \"description\": \"定期监测作物生长状况，及时调整管理策略\"\n    }\n  ]\n}\n||JSON_END||\n\n如果需要针对特定作物的建议，请提供作物名称和相关信息，以便我能够提供更精确的操作指南。', 'AGRONOMIST', '2025-03-15 16:57:43.965226', 'SIM-1741880356229');
INSERT INTO `agent_dialogue` VALUES (142, 'AGENT-1741882811281', '自然语言建议：针对农田遭受洪水的情况，作为气象学家，我建议密切关注天气预报，预防未来可能的水害，并采取以下措施来保护作物。\n\n||JSON_START||\n{\n  \"type\": \"preventive_measures\",\n  \"crop\": \"通用\",\n  \"forecast_monitoring\": {\n    \"description\": \"持续监控气象预报，特别是降水和洪水预警\"\n  },\n  \"actions\": [\n    {\n      \"step\": \"soil_improvement\",\n      \"description\": \"改善土壤排水条件，如建立坡度或使用排水层\"\n    },\n    {\n      \"step\": \"flood_control\",\n      \"description\": \"建设防洪设施，如堤坝或洪水蓄水池\"\n    },\n    {\n      \"step\": \"crop_selection\",\n      \"description\": \"选择耐淹或短期作物，减少洪灾对作物的影响\"\n    },\n    {\n      \"step\": \"insurance\",\n      \"description\": \"考虑购买农业保险，以减轻经济损失\"\n    },\n    {\n      \"step\": \"emergency_plan\",\n      \"description\": \"制定应急预案，包括排水、作物保护和人员安全\"\n    }\n  ]\n}\n||JSON_END||\n\n如果针对特定作物，请提供作物名称，我可以调整建议以更符合该作物的生长特性。', 'METEOROLOGIST', '2025-03-15 16:57:54.122322', 'SIM-1741880356229');
INSERT INTO `agent_dialogue` VALUES (143, 'AGENT-1741882822195', '自然语言建议：作为气象学家，我建议在洪水多发区域采取预防措施，以减少未来洪水对农田的影响。这包括改善土壤排水、选择适合的作物种类、建立洪水预警系统，并制定应急计划。\n\n||JSON_START||\n{\n  \"type\": \"preventive_and_adaptive_measures\",\n  \"crop\": \"通用\",\n  \"recommendations\": [\n    {\n      \"step\": \"soil_drainage_improvement\",\n      \"description\": \"改善土壤排水系统，以减少积水\"\n    },\n    {\n      \"step\": \"crop_selection\",\n      \"description\": \"选择耐淹或快速生长的作物，以适应可能的洪水\"\n    },\n    {\n      \"step\": \"flood_warning_system\",\n      \"description\": \"建立或利用现有的洪水预警系统，以便及时采取行动\"\n    },\n    {\n      \"step\": \"emergency_response_plan\",\n      \"description\": \"制定详细的应急响应计划，包括撤离路线和作物保护措施\"\n    }\n  ]\n}\n||JSON_END||\n\n如果针对特定作物，请提供作物名称，我可以根据该作物的生长特性和当地气候条件，提供更具体的建议。', 'METEOROLOGIST', '2025-03-15 16:58:02.813739', 'SIM-1741880356229');
INSERT INTO `agent_dialogue` VALUES (144, 'AGENT-1741882987560', '自然语言建议：作为农民，我经历过农田被洪水淹没的情况。首先，我会建议立即采取行动来保护剩余的作物和减少损失。以下是我建议的操作：\n\n1. 尽快排空农田内的积水，以防止作物长时间浸泡。\n2. 检查土壤状况，必要时进行改良。\n3. 对于受影响的作物，根据它们的耐淹性决定是否救苗或重新种植。\n4. 加强病虫害监测，因为洪水可能会带来新的病害问题。\n\n||JSON_START||\n{\n  \"type\": \"farming_operations\",\n  \"crop\": \"通用\",\n  \"actions\": [\n    {\n      \"step\": \"drainage\",\n      \"description\": \"尽快排空农田积水，恢复土壤透气性\"\n    },\n    {\n      \"step\": \"soil_management\",\n      \"description\": \"检查和改良土壤，如有必要，进行翻耕和施肥\"\n    },\n    {\n      \"step\": \"crop_assessment\",\n      \"description\": \"评估作物状况，决定是否救苗或重新种植\"\n    },\n    {\n      \"step\": \"pest_monitoring\",\n      \"description\": \"加强病虫害监测，及时采取防治措施\"\n    }\n  ]\n}\n||JSON_END||\n\n如果您的农田中种植的是特定作物，请告诉我具体的作物名，我可以根据该作物的特性提供更具体的建议。', 'FARMER', '2025-03-15 16:58:12.731790', 'SIM-1741880356229');
INSERT INTO `agent_dialogue` VALUES (145, 'AGENT-1741883009473', '自然语言建议：对于遭受洪水的特定作物农田，首先需要迅速排出积水，然后根据作物的具体情况采取相应的恢复措施。以下是针对小麦作物的具体建议：\n\n1. 快速排水以减少作物浸泡时间。\n2. 检测土壤盐分和养分状况，适当调整施肥策略。\n3. 评估小麦的生长阶段和受损程度，决定是否需要重新种植。\n4. 加强对小麦常见病害的监控，并及时采取措施。\n\n||JSON_START||\n{\n  \"type\": \"recovery_operations\",\n  \"crop\": \"小麦\",\n  \"steps\": [\n    {\n      \"step\": \"drainage\",\n      \"description\": \"迅速排出农田积水，减少作物浸泡时间\"\n    },\n    {\n      \"step\": \"soil_analysis\",\n      \"description\": \"检测土壤盐分和养分，调整施肥策略\"\n    },\n    {\n      \"step\": \"crop_evaluation\",\n      \"description\": \"评估小麦生长阶段和受损程度，决定是否重新种植\"\n    },\n    {\n      \"step\": \"disease_monitoring\",\n      \"description\": \"加强对小麦病害的监控，及时防治\"\n    }\n  ]\n}\n||JSON_END||', 'AGRONOMIST', '2025-03-15 16:58:22.450639', 'SIM-1741880356229');
INSERT INTO `agent_dialogue` VALUES (146, 'AGENT-1741880418333', '自然语言建议：鉴于你的农田遭受旱灾，首先建议立即采取灌溉措施，以确保作物获得必要的水分。如果可能的话，可以尝试使用滴灌或微灌等节水灌溉方法，这些方法可以更高效地利用水资源。同时，考虑改种一些耐旱性较强的作物，并采取土壤覆盖等措施来减少水分蒸发。此外，建议关注天气预报，以便及时了解天气变化并做出相应的农业管理调整。\n\n||JSON_START||\n{\n  \"type\": \"management_actions\",\n  \"crop\": \"当前种植的作物名\",\n  \"actions\": [\n    {\n      \"action\": \"irrigation\",\n      \"method\": \"drip_irrigation/micro_irrigation\",\n      \"frequency\": \"根据作物需水量和天气条件调整\"\n    },\n    {\n      \"action\": \"crop_switching\",\n      \"recommendation\": \"耐旱作物名称\"\n    },\n    {\n      \"action\": \"soil_cover\",\n      \"material\": \"草垫/塑料薄膜等\"\n    },\n    {\n      \"action\": \"weather_monitoring\",\n      \"source\": \"local_weather_forecast\"\n    }\n  ]\n}\n||JSON_END||\n\n请注意，上述JSON中的\"当前种植的作物名\"和\"耐旱作物名称\"需要根据实际情况进行替换。此外，具体的灌溉频率和措施需要根据当地的水资源状况、作物类型和生长阶段来决定。', 'METEOROLOGIST', '2025-03-15 17:05:41.109076', 'SIM-1741880356229');
INSERT INTO `agent_dialogue` VALUES (147, 'AGENT-1741880475079', '自然语言建议：针对农田旱灾问题，我建议采取以下措施：首先，立即实施灌溉计划，特别是使用滴灌或微灌等节水技术，以减少水资源浪费。其次，考虑更换为耐旱性更强的作物，这样在未来遇到类似干旱情况时，作物受影响的程度会减小。同时，采取土壤管理措施，如使用覆盖物来降低土壤水分蒸发。最后，定期监测天气状况，以便及时采取应对措施。\n\n||JSON_START||\n{\n  \"type\": \"management_actions\",\n  \"crop\": \"玉米\",\n  \"actions\": [\n    {\n      \"action_type\": \"irrigation\",\n      \"method\": \"drip_irrigation\",\n      \"frequency\": \"as needed based on soil moisture\"\n    },\n    {\n      \"action_type\": \"crop_selection\",\n      \"new_crop\": \"sorghum\",\n      \"reason\": \"drought tolerance\"\n    },\n    {\n      \"action_type\": \"soil_management\",\n      \"practice\": \"mulching\",\n      \"material\": \"straw\"\n    },\n    {\n      \"action_type\": \"weather_monitoring\",\n      \"frequency\": \"regularly\",\n      \"source\": \"local agricultural extension service\"\n    }\n  ]\n}\n||JSON_END||\n\n请注意，上述JSON中的作物名称“玉米”和耐旱作物“高粱”需要根据实际情况进行替换。此外，具体的灌溉频率和土壤管理措施应根据当地条件进行调整。', 'AGRONOMIST', '2025-03-15 17:05:50.771231', 'SIM-1741880356229');
INSERT INTO `agent_dialogue` VALUES (148, 'AGENT-1741882811281', '自然语言建议：作为气象学家，我建议你采取以下措施来应对农田旱灾。首先，密切监测天气预报，特别是关于降雨和干旱的信息，以便及时调整农业活动。其次，根据当前气候状况，考虑实施节水灌溉策略，并选择适应干旱条件的作物。此外，记录土壤湿度和作物生长情况，以便分析干旱对作物的影响。\n\n||JSON_START||\n{\n  \"type\": \"meteorological_actions\",\n  \"crop\": \"小麦\",\n  \"actions\": [\n    {\n      \"action\": \"weather_monitoring\",\n      \"frequency\": \"daily\",\n      \"source\": \"national_weather_service\"\n    },\n    {\n      \"action\": \"irrigation_management\",\n      \"strategy\": \"water-saving_irrigation\",\n      \"adjustment\": \"based_on_weather_forecasts\"\n    },\n    {\n      \"action\": \"crop_selection\",\n      \"criteria\": \"drought_resistance\",\n      \"suggestions\": [\"玉米\", \"高粱\"]\n    },\n    {\n      \"action\": \"data_collection\",\n      \"variables\": [\"soil_moisture\", \"crop_growth\"],\n      \"purpose\": \"impact_analysis\"\n    }\n  ]\n}\n||JSON_END||\n\n请根据实际情况替换作物名称，并确保数据收集和灌溉管理策略与当地条件相符。此外，建议的作物选择应基于当地气候和土壤条件。', 'METEOROLOGIST', '2025-03-15 17:06:00.194818', 'SIM-1741880356229');
INSERT INTO `agent_dialogue` VALUES (149, 'AGENT-1741882822195', '自然语言建议：作为气象学家，我建议你采取以下措施来应对农田旱灾。首先，应该持续监测天气状况，特别是对于任何可能带来降水的天气系统。其次，根据天气预报和作物需水情况，合理规划灌溉时间。同时，考虑选择或改种那些在干旱条件下表现较好的作物。此外，记录和跟踪土壤湿度和作物生长数据，以评估干旱对作物产量的影响。\n\n||JSON_START||\n{\n  \"type\": \"meteorological_and_agricultural_actions\",\n  \"crop\": \"小麦\",\n  \"actions\": [\n    {\n      \"action_type\": \"weather_monitoring\",\n      \"frequency\": \"daily\",\n      \"sources\": [\"national_weather_service\", \"local_weather_stations\"]\n    },\n    {\n      \"action_type\": \"irrigation_scheduling\",\n      \"strategy\": \"based_on_weather_forecasts_and_crop_water_requirements\"\n    },\n    {\n      \"action_type\": \"crop_selection\",\n      \"criteria\": \"drought_tolerance\",\n      \"suggestions\": [\"sorghum\", \"millet\"]\n    },\n    {\n      \"action_type\": \"data_logging\",\n      \"variables\": [\"soil_moisture\", \"crop_growth_stage\"],\n      \"purpose\": \"impact_assessment_and_future_planning\"\n    }\n  ]\n}\n||JSON_END||\n\n请根据你的具体情况替换作物名称，并根据当地气象和农业条件调整操作类型和策略。', 'METEOROLOGIST', '2025-03-15 17:06:10.031467', 'SIM-1741880356229');
INSERT INTO `agent_dialogue` VALUES (150, 'AGENT-1741882987560', '自然语言建议：作为一个农民，面对旱灾，我会考虑实施节水灌溉，比如使用滴灌，并选择耐旱的作物来种植。同时，我会密切关注天气预报，合理调整灌溉计划，并记录土壤湿度和作物生长情况，以便更好地应对未来的干旱情况。\n\n||JSON_START||\n{\n  \"type\": \"management_actions\",\n  \"crop\": \"小麦\",\n  \"actions\": [\n    {\n      \"action_type\": \"irrigation\",\n      \"method\": \"drip_irrigation\",\n      \"frequency\": \"as needed based on soil moisture monitoring\"\n    },\n    {\n      \"action_type\": \"crop_selection\",\n      \"new_crop\": \"高粱\",\n      \"reason\": \"drought resistance\"\n    },\n    {\n      \"action_type\": \"weather_monitoring\",\n      \"frequency\": \"regularly\",\n      \"source\": \"local weather service\"\n    },\n    {\n      \"action_type\": \"data_logging\",\n      \"variables\": [\"soil_moisture\", \"crop_growth\"],\n      \"purpose\": \"planning and adaptation\"\n    }\n  ]\n}\n||JSON_END||\n\n请注意，上述JSON中的作物名称和措施应根据你所在地区的实际情况进行调整。', 'FARMER', '2025-03-15 17:06:18.728550', 'SIM-1741880356229');
INSERT INTO `agent_dialogue` VALUES (151, 'AGENT-1741883009473', '自然语言建议：面对旱灾，我建议首先考虑采用节水灌溉技术，如滴灌或喷灌，以减少水分的浪费。同时，根据当前的气候条件，选择耐旱性更强的作物进行种植。此外，定期监测土壤湿度和作物生长状况，以便及时调整灌溉策略和采取其他必要的农业管理措施。\n\n||JSON_START||\n{\n  \"type\": \"management_strategies\",\n  \"crop\": \"玉米\",\n  \"actions\": [\n    {\n      \"action_type\": \"irrigation\",\n      \"method\": \"drip_irrigation\",\n      \"frequency\": \"as necessary, based on soil moisture\"\n    },\n    {\n      \"action_type\": \"crop_selection\",\n      \"new_crop\": \"高粱\",\n      \"criteria\": \"drought_tolerance\"\n    },\n    {\n      \"action_type\": \"soil_monitoring\",\n      \"frequency\": \"weekly\",\n      \"parameters\": [\"soil_moisture\", \"bulk_density\"]\n    },\n    {\n      \"action_type\": \"crop_monitoring\",\n      \"frequency\": \"bi-weekly\",\n      \"parameters\": [\"growth_stage\", \"health_status\"]\n    }\n  ]\n}\n||JSON_END||\n\n请根据你的具体情况进行作物名称的替换，并根据当地气候、土壤条件以及作物生长周期调整操作类型和频率。', 'AGRONOMIST', '2025-03-15 17:06:29.188097', 'SIM-1741880356229');
INSERT INTO `agent_dialogue` VALUES (152, 'AGENT-1741880418333', '自然语言建议：鉴于你的农田遭受旱灾，首先应立即减少灌溉频率，以节约水资源。同时，可以考虑以下措施：\n\n1. 采取节水灌溉技术，如滴灌或喷灌，这些技术可以更有效地利用水资源。\n2. 改种抗旱性较强的作物品种，这些品种能够在水资源较少的情况下生存和产量稳定。\n3. 在田地中施用有机物料，如堆肥或绿肥，以提高土壤的保水能力。\n4. 实施作物轮作制度，避免连续种植相同的水敏感作物。\n5. 如果条件允许，可以考虑建设雨水收集系统，用于干旱时期的灌溉。\n\n||JSON_START||\n{\n  \"type\": \" drought_management \",\n  \"crop\": \"通用\",\n  \"measures\": [\n    {\"name\": \"节水灌溉\", \"method\": \"滴灌或喷灌\"},\n    {\"name\": \"种植抗旱作物\", \"description\": \"选择抗旱性强的品种\"},\n    {\"name\": \"土壤改良\", \"material\": \"有机物料\"},\n    {\"name\": \"作物轮作\", \"description\": \"避免连续种植水敏感作物\"},\n    {\"name\": \"雨水收集\", \"purpose\": \"干旱时期灌溉\"}\n  ]\n}\n||JSON_END||\n\n请注意，具体的措施可能需要根据你的具体情况和农田条件进行调整。如果需要针对特定作物给出建议，请提供相关作物信息。', 'METEOROLOGIST', '2025-03-15 17:17:45.639614', 'SIM-1741880356229');
INSERT INTO `agent_dialogue` VALUES (153, 'AGENT-1741880475079', '自然语言建议：针对旱灾情况，我建议采取以下措施来减轻旱灾对农田的影响：\n\n1.立即停止使用传统的漫灌方法，改为滴灌或喷灌等节水灌溉技术。\n2.考虑种植抗旱性较强的作物，如小麦的某些品种或谷子。\n3.改善土壤结构，增加有机质含量，以提高土壤的保水能力。\n4.实施作物轮作，避免连续种植对水需求量大的作物。\n5.如果有条件，建立雨水收集系统，以便在干旱期间使用。\n\n||JSON_START||\n{\n  \"type\": \"drought_management\",\n  \"crop\": \"通用\",\n  \"recommendations\": [\n    {\"name\": \"irrigation_method\", \"value\": \"滴灌或喷灌\"},\n    {\"name\": \"crop_selection\", \"value\": \"抗旱性强的作物\"},\n    {\"name\": \"soil_management\", \"value\": \"增加有机质\"},\n    {\"name\": \"crop_rotation\", \"value\": \"轮作计划\"},\n    {\"name\": \"rainwater_harvesting\", \"value\": \"建立收集系统\"}\n  ]\n}\n||JSON_END||\n\n请根据您的具体情况和农田条件调整这些建议。如果您需要针对特定作物的建议，请提供作物名称，以便我能够提供更具体的指导。', 'AGRONOMIST', '2025-03-15 17:17:54.597496', 'SIM-1741880356229');
INSERT INTO `agent_dialogue` VALUES (154, 'AGENT-1741882811281', '自然语言建议：鉴于当前旱灾情况，我建议采取以下措施来帮助管理你的农田。首先，密切监测天气预报，以便及时了解降雨的可能性。其次，根据天气预报和土壤湿度数据，合理安排灌溉计划。此外，考虑以下操作：\n\n1. 优化灌溉时间，选择在夜间或清晨进行灌溉，以减少蒸发。\n2. 使用覆盖物，如稻草或塑料薄膜，以减少土壤水分蒸发。\n3. 如果可能，实施临时性的灌溉策略，如间歇性灌溉，以节约水资源。\n\n||JSON_START||\n{\n  \"type\": \"irrigation_management\",\n  \"crop\": \"通用\",\n  \"recommendations\": [\n    {\"name\": \"monitor_weather\", \"action\": \"密切监测天气预报\"},\n    {\"name\": \"schedule_irrigation\", \"action\": \"根据天气预报和土壤湿度安排灌溉\"},\n    {\"name\": \"optimize_irrigation_time\", \"action\": \"在夜间或清晨灌溉\"},\n    {\"name\": \"use_cover\", \"action\": \"使用覆盖物减少土壤蒸发\"},\n    {\"name\": \"implement_intermittent_irrigation\", \"action\": \"考虑间歇性灌溉策略\"}\n  ]\n}\n||JSON_END||\n\n请根据你的具体作物和当地气候条件调整这些措施。如果你能提供具体的作物信息，我可以给出更加精确的建议。', 'METEOROLOGIST', '2025-03-15 17:18:03.997961', 'SIM-1741880356229');
INSERT INTO `agent_dialogue` VALUES (155, 'AGENT-1741882822195', '自然语言建议：作为气象学家，我建议你在旱灾期间采取以下措施来优化农田的水资源管理：\n\n- 精确监测当地气象数据，特别是气温、湿度、风速和降水量。\n- 根据气象预报和土壤水分状况，调整灌溉计划，避免在高温或风速较大的时段进行灌溉。\n- 采取土壤水分保持措施，如覆盖作物残体或使用保水剂。\n\n||JSON_START||\n{\n  \"type\": \"weather-based_management\",\n  \"crop\": \"通用\",\n  \"actions\": [\n    {\"name\": \"monitor_weather_data\", \"description\": \"精确监测气温、湿度、风速和降水量\"},\n    {\"name\": \"adjust_irrigation\", \"description\": \"根据气象预报和土壤水分调整灌溉\"},\n    {\"name\": \"soil_water_conservation\", \"description\": \"采取土壤水分保持措施\"}\n  ]\n}\n||JSON_END||\n\n如果需要针对特定作物给出建议，请提供作物名称，以便我可以进一步细化建议。', 'METEOROLOGIST', '2025-03-15 17:18:11.187063', 'SIM-1741880356229');
INSERT INTO `agent_dialogue` VALUES (156, 'AGENT-1741882987560', '自然语言建议：作为农民，面对旱灾，我会考虑以下措施来保护我的作物：\n\n- 采取节水措施，比如安装滴灌系统，减少水的浪费。\n- 选择在干旱条件下仍能生长的作物品种。\n- 在作物行间覆盖稻草或其他有机物，以减少土壤水分蒸发。\n- 定期检查土壤湿度，只在必要时进行灌溉。\n\n||JSON_START||\n{\n  \"type\": \"drought_mitigation\",\n  \"crop\": \"通用\",\n  \"measures\": [\n    {\"name\": \"water-saving_irrigation\", \"method\": \"安装滴灌系统\"},\n    {\"name\": \"drought-resistant_varieties\", \"action\": \"选择抗旱品种\"},\n    {\"name\": \"soil_cover\", \"material\": \"稻草或其他有机物\"},\n    {\"name\": \"soil_moisture_monitoring\", \"frequency\": \"定期检查\"}\n  ]\n}\n||JSON_END||\n\n如果我有特定的作物，我会根据作物的具体需求调整这些建议。如果你能提供你的主要作物类型，我可以给出更具体的操作建议。', 'FARMER', '2025-03-15 17:18:19.261138', 'SIM-1741880356229');
INSERT INTO `agent_dialogue` VALUES (157, 'AGENT-1741883009473', '自然语言建议：针对旱灾情况，如果你种植的是小麦，我建议你采取以下措施来减轻旱灾对作物的影响：\n\n1.立即实施节水灌溉措施，如滴灌，以减少水的使用并提高灌溉效率。\n2.考虑使用抗旱性较强的小麦品种，这些品种能够在水分较少的条件下保持产量。\n3.进行土壤管理，如添加有机物料，以提高土壤的保水能力。\n4.定期监测土壤湿度，并根据实际情况调整灌溉计划。\n\n||JSON_START||\n{\n  \"type\": \"drought_management\",\n  \"crop\": \"小麦\",\n  \"measures\": [\n    {\"name\": \"irrigation\", \"method\": \"滴灌\"},\n    {\"name\": \"varieties\", \"characteristic\": \"抗旱性强\"},\n    {\"name\": \"soil_management\", \"action\": \"添加有机物料\"},\n    {\"name\": \"monitoring\", \"activity\": \"定期监测土壤湿度\"}\n  ]\n}\n||JSON_END||\n\n请根据你所在地区的具体气候条件和土壤类型调整这些建议。', 'AGRONOMIST', '2025-03-15 17:18:27.475322', 'SIM-1741880356229');
INSERT INTO `agent_dialogue` VALUES (158, 'AGENT-1741880418333', '自然语言建议：首先，确保你的人身安全是首要任务。洪水过后，你需要评估农田的损害程度。如果洪水刚刚退去，先不要急于进入农田，因为土壤可能仍然过于湿软，存在安全风险。等待土壤稍微干燥一些后，可以采取以下措施：\n\n1. 清除农田中的杂物和淤泥，以减少病虫害的发生。\n2. 检查并修复排水系统，确保未来能更好地防止洪水。\n3. 对于被洪水浸泡的作物，根据作物的耐淹性进行评估，决定是否保留或重新种植。\n4. 如果需要重新种植，选择耐淹或生长周期较短的作物。\n5. 对土壤进行检测，根据需要添加肥料，以恢复土壤肥力。\n\n||JSON_START||\n{\n  \"type\": \"post-flood_action\",\n  \"crop\": \"general\", // 这里假设没有特定作物，如果是特定作物，请替换为作物名\n  \"actions\": [\n    {\"action\": \"remove_debris\", \"purpose\": \"reduce_pest_disease\"},\n    {\"action\": \"repair_drainage\", \"purpose\": \"prevent_future_flooding\"},\n    {\"action\": \"evaluate_crops\", \"purpose\": \"decide_to_replant\"},\n    {\"action\": \"select_crops\", \"purpose\": \"choose_flood-resistant_crops\"},\n    {\"action\": \"soil_testing\", \"purpose\": \"adjust_fertilization\"}\n  ]\n}\n||JSON_END||', 'METEOROLOGIST', '2025-03-15 18:21:50.674582', 'SIM-1741880356229');
INSERT INTO `agent_dialogue` VALUES (159, 'AGENT-1741880475079', '自然语言建议：对于遭受洪水的农田，首先需要清理农田中的杂物和淤泥，然后评估作物的损害情况。如果作物已经无法挽救，考虑重新种植耐淹或生长快速的作物。同时，检查并改善排水系统，以防止未来再次发生洪水。以下是具体的建议：\n\n1. 清理农田中的杂物和淤泥，以减少病虫害的发生。\n2. 评估作物损害，对于严重受损的作物，考虑拔除并重新种植。\n3. 选取耐淹性较强的作物进行种植，如水稻、玉米等。\n4. 检查和改善农田的排水系统，确保水能够迅速排出。\n\n||JSON_START||\n{\n  \"type\": \"post-flood_management\",\n  \"crop\": \"通用\", // 如果有特定作物，请替换为具体作物名称\n  \"actions\": [\n    {\n      \"action\": \"clean_debris\",\n      \"purpose\": \"reduce_pest_and_disease_risk\"\n    },\n    {\n      \"action\": \"evaluate_crops\",\n      \"purpose\": \"determine_regeneration_needs\"\n    },\n    {\n      \"action\": \"select_crops\",\n      \"purpose\": \"plant_flood-resistant_varieties\",\n      \"suggestions\": [\"rice\", \"corn\"]\n    },\n    {\n      \"action\": \"inspect_drainage\",\n      \"purpose\": \"improve_system_to_prevent_future_flooding\"\n    }\n  ]\n}\n||JSON_END||', 'AGRONOMIST', '2025-03-15 18:22:00.279384', 'SIM-1741880356229');
INSERT INTO `agent_dialogue` VALUES (160, 'AGENT-1741882811281', '自然语言建议：由于你未提供具体的天气相关情况，我将给出一个通用的农业气象建议。如果预报显示有恶劣天气来临，如强风、暴雨或低温，农民应该采取以下措施来保护作物。\n\n1. 对于易受风害的作物，如玉米或果树，应进行加固以防止倒伏。\n2. 对于容易积水的低洼地区，应检查并清理排水系统，以减少水患风险。\n3. 对于即将进入成熟期的作物，如果预报有低温，应考虑使用覆盖物来保护作物。\n4. 保持对天气情况的关注，及时收获已成熟作物，以避免因恶劣天气造成的损失。\n\n||JSON_START||\n{\n  \"type\": \"pre-weather_protection\",\n  \"crop\": \"general\", // 如果是特定作物，请替换为具体作物名称\n  \"actions\": [\n    {\n      \"action\": \"stake_crops\",\n      \"purpose\": \"prevent_flooding\",\n      \"condition\": \"high_winds\"\n    },\n    {\n      \"action\": \"clean_drainage\",\n      \"purpose\": \"reduce_flood_risk\",\n      \"condition\": \"heavy_rainfall\"\n    },\n    {\n      \"action\": \"use_coverings\",\n      \"purpose\": \"protect_from_cold\",\n      \"condition\": \"low_temperatures\"\n    },\n    {\n      \"action\": \"monitor_weather\",\n      \"purpose\": \"timely_harvest\",\n      \"condition\": \"adverse_weather\"\n    }\n  ]\n}\n||JSON_END||', 'METEOROLOGIST', '2025-03-15 18:22:10.655827', 'SIM-1741880356229');
INSERT INTO `agent_dialogue` VALUES (161, 'AGENT-1741882822195', '自然语言建议：如果预报显示有强降雨或洪水风险，对于水稻作物，你应该采取以下措施来减少潜在的损失。\n\n- 在降雨前加固田埂，防止水侵。\n- 确保排水系统畅通，以快速排除多余的水分。\n- 如果可能，提前收获部分成熟的水稻，以减少损失。\n- 保持对气象预报的关注，以便及时采取进一步行动。\n\n||JSON_START||\n{\n  \"type\": \"pre-weather_protection\",\n  \"crop\": \"rice\",\n  \"actions\": [\n    {\n      \"action\": \"reinforce_banks\",\n      \"purpose\": \"prevent_flooding\"\n    },\n    {\n      \"action\": \"ensure_drainage\",\n      \"purpose\": \"rapid_water_removal\"\n    },\n    {\n      \"action\": \"early_harvest\",\n      \"purpose\": \"reduce_potential_loss\"\n    },\n    {\n      \"action\": \"monitor_forecasts\",\n      \"purpose\": \"prompt_action\"\n    }\n  ]\n}\n||JSON_END||', 'METEOROLOGIST', '2025-03-15 18:22:18.125364', 'SIM-1741880356229');
INSERT INTO `agent_dialogue` VALUES (162, 'AGENT-1741882987560', '自然语言建议：作为水稻种植者，面对即将到来的强降雨和洪水风险，我建议尽快采取以下措施来保护水稻田：\n\n- 加固田埂，防止洪水冲垮。\n- 清理和维护排水渠道，确保能够快速排水。\n- 如果水稻已经成熟，考虑提前收获，以避免损失。\n- 密切关注天气预报，随时准备采取进一步行动。\n\n||JSON_START||\n{\n  \"type\": \"pre-weather_protection\",\n  \"crop\": \"rice\",\n  \"actions\": [\n    {\n      \"action\": \"strengthen_field_banks\",\n      \"purpose\": \"prevent_flooding_damage\"\n    },\n    {\n      \"action\": \"maintain_drainage_channels\",\n      \"purpose\": \"ensure_effective_water_drainage\"\n    },\n    {\n      \"action\": \"early_harvesting\",\n      \"purpose\": \"minimize_potential_loss\",\n      \"condition\": \"rice_maturity\"\n    },\n    {\n      \"action\": \"monitor_weather_forecasts\",\n      \"purpose\": \"prompt_response_to_changes\"\n    }\n  ]\n}\n||JSON_END||', 'FARMER', '2025-03-15 18:22:26.670158', 'SIM-1741880356229');
INSERT INTO `agent_dialogue` VALUES (163, 'AGENT-1741883009473', '自然语言建议：针对即将到来的强降雨和洪水风险，对于水稻田，建议迅速进行以下操作：\n\n- 加固田埂，以防止洪水侵袭。\n- 清理和维护排水系统，确保水能够迅速排出。\n- 如果水稻接近成熟，考虑提前收获，以减少可能的经济损失。\n- 持续监控天气变化，以便及时做出反应。\n\n||JSON_START||\n{\n  \"type\": \"pre-weather_protection\",\n  \"crop\": \"rice\",\n  \"actions\": [\n    {\n      \"action\": \"reinforce_field_banks\",\n      \"purpose\": \"prevent_flooding\"\n    },\n    {\n      \"action\": \"clean_and_maintain_drainage_system\",\n      \"purpose\": \"ensure_water_drainage\"\n    },\n    {\n      \"action\": \"early_harvest\",\n      \"purpose\": \"reduce_economic_loss\",\n      \"condition\": \"rice_nearing_maturity\"\n    },\n    {\n      \"action\": \"continuous_weather_monitoring\",\n      \"purpose\": \"prompt_reaction\"\n    }\n  ]\n}\n||JSON_END||', 'AGRONOMIST', '2025-03-15 18:22:35.454384', 'SIM-1741880356229');
INSERT INTO `agent_dialogue` VALUES (164, 'AGENT-1741880418333', '1. 自然语言建议：首先，对于农田发生洪水的情况，你需要尽快采取措施以减少损失。首先评估洪水对农田的具体影响，如果洪水正在发生，尽量避免直接接触洪水。如果洪水已经退去，可以考虑以下措施：清除农田中的积水，尤其是如果作物仍然处于生长阶段的话；检查土壤的排水情况，如果排水不畅，需要改善排水系统；对于受影响的作物，剪除受损严重的部分，并考虑施肥以促进作物恢复；如果作物已经无法挽救，考虑及时补种其他作物。\n\n2. JSON指令：\n||JSON_START||\n{\"type\":\"emergency_response\", \"crop\":\"[请替换为具体作物名]\", \"actions\":[\"drainage_improvement\", \"pruning\", \"fertilization\", \"crop_replanting\"]}\n||JSON_END||\n\n请根据实际情况替换JSON中的\"[请替换为具体作物名]\"部分，以获得更准确的指令。', 'METEOROLOGIST', '2025-03-15 18:26:03.519219', 'SIM-1741880356229');
INSERT INTO `agent_dialogue` VALUES (165, 'AGENT-1741880475079', '了解了您的需求。以下是根据您的要求提供的建议和JSON指令。\n\n1. 自然语言建议：\n洪水对农田的影响可能非常严重，需要迅速采取行动以减轻损失。首先，应确保人身安全，然后进行以下操作：\n- 评估洪水对农田的损害程度。\n- 如果可能，尽快排除农田中的积水。\n- 检查作物的状况，剪除受损部分。\n- 根据土壤和作物的状况，决定是否需要施肥或重新种植。\n\n2. JSON指令：\n||JSON_START||\n{\"type\":\"flood_response\", \"crop\":\"[作物名]\", \"actions\": [{\"action_type\":\"drainage\", \"priority\":\"high\"}, {\"action_type\":\"crop_assessment\", \"priority\":\"medium\"}, {\"action_type\":\"pruning\", \"priority\":\"medium\"}, {\"action_type\":\"fertilization\", \"priority\":\"low\"}, {\"action_type\":\"replanting\", \"priority\":\"low\"}]}\n||JSON_END||\n\n请将\"[作物名]\"替换为您的农田中实际种植的作物名称。这个JSON指令提供了一个操作类型和优先级的框架，以帮助您在洪水后有效地管理农田。', 'AGRONOMIST', '2025-03-15 18:26:11.401592', 'SIM-1741880356229');
INSERT INTO `agent_dialogue` VALUES (166, 'AGENT-1741882811281', '1. 自然语言建议：\n针对农田遭受洪水的情况，我的建议如下：首先确保个人安全，然后尽快评估洪水对农田的具体影响。根据天气情况，采取以下措施：如果积水较多，需要改善排水系统；对作物进行损害评估，并剪除受损严重的部分；根据土壤和作物状况，决定是否需要施肥；如果作物损失严重，考虑及时重新种植。\n\n2. JSON指令：\n||JSON_START||\n{\"type\":\"flood_recovery\", \"crop\":\"[作物名]\", \"actions\": [{\"action\":\"drainage_improvement\"}, {\"action\":\"crop_assessment\"}, {\"action\":\"pruning\"}, {\"action\":\"fertilization\", \"condition\":\"as_necessary\"}, {\"action\":\"replanting\", \"condition\":\"if_necessary\"}]}\n||JSON_END||\n\n请将\"[作物名]\"替换为实际受影响的作物名称。该JSON指令提供了针对洪水后恢复的一系列操作类型，包括排水改善、作物评估、剪枝、施肥（视情况而定）以及重新种植（如果需要）。', 'METEOROLOGIST', '2025-03-15 18:26:20.326987', 'SIM-1741880356229');
INSERT INTO `agent_dialogue` VALUES (167, 'AGENT-1741882822195', '1. 自然语言建议：\n作为气象学家，针对农田遭受洪水的情况，我建议首先确保人员安全，然后根据天气和洪水情况采取以下措施：快速评估农田的排水情况，并对受影响的作物进行损害评估。根据评估结果，进行必要的田间管理。\n\n2. JSON指令：\n||JSON_START||\n{\"type\":\"flood_recovery_plan\", \"crop\":\"[作物名]\", \"actions\": [{\"action_type\":\"drainage_evaluation\", \"urgency\":\"high\"}, {\"action_type\":\"crop_damage_assessment\", \"urgency\":\"medium\"}, {\"action_type\":\"field_management\", \"urgency\":\"medium\", \"sub_actions\": [\"pruning\", \"fertilization\", \"replanting\"]}]\n||JSON_END||\n\n请确保将\"[作物名]\"替换为实际受影响的作物名称。此JSON指令提供了针对洪水后恢复的计划，包括排水评估的紧急性、作物损害评估以及田间管理的子操作，如剪枝、施肥和重新种植。', 'METEOROLOGIST', '2025-03-15 18:26:27.310815', 'SIM-1741880356229');
INSERT INTO `agent_dialogue` VALUES (168, 'AGENT-1741882987560', '1. 自然语言建议：\n作为农民，面对农田洪水，我建议尽快采取以下措施：首先，确保自己和家人的安全。其次，检查农田的排水情况，如果排水不畅，需要立即清理水渠和排水系统。接下来，评估作物的受损情况，对于受损较轻的作物，剪除受损部分并进行适当施肥；如果作物受损严重，可能需要考虑补种。同时，关注天气预报，预防未来可能的洪水。\n\n2. JSON指令：\n||JSON_START||\n{\"type\":\"flood_recovery_actions\", \"crop\":\"[作物名]\", \"actions\": [{\"action\":\"drainage_check\", \"urgency\":\"immediate\"}, {\"action\":\"crop_damage_assessment\", \"urgency\":\"soon\"}, {\"action\":\"pruning\", \"condition\":\"if_necessary\"}, {\"action\":\"fertilization\", \"condition\":\"if_necessary\"}, {\"action\":\"replanting\", \"condition\":\"if_crops_lost\"}]}\n||JSON_END||\n\n请将\"[作物名]\"替换为实际受影响的作物名称。此JSON指令包含了针对洪水后农田恢复的一系列操作，包括排水检查、作物损害评估以及后续的田间管理措施。', 'FARMER', '2025-03-15 18:26:35.899795', 'SIM-1741880356229');
INSERT INTO `agent_dialogue` VALUES (169, 'AGENT-1741883009473', '1. 自然灾害如洪水对农业活动的影响极大，对于农田洪灾的应对，以下是一些建议：\n\n### 短期应对措施：\n1. **排水系统检查与修复**：首先检查农田的排水系统是否通畅，清除沟渠中的杂物，修复受损的排水设施，确保水能迅速排走，避免积水。\n   \n2. **作物损害评估**：对于被洪水淹没的作物，要根据作物的种类和生长阶段评估损害程度，对于受损不严重的作物，可以考虑剪除受损部分，保留健康部分。\n\n3. **土壤处理**：如果土壤被洪水冲刷或浸泡，可能需要增加有机质以提高土壤的通气性和保水性，同时通过翻土来加速土壤的恢复。\n\n4. **病虫害监控**：洪水可能带来病虫害，要加强监控，及时防治。\n\n5. **紧急补种**：对于已经绝收的农田，待洪水退去，土壤条件适宜时，应考虑紧急补种短期作物，以减少经济损失。\n\n### 长期预防措施：\n1. **加强基础设施建设**：增强农田的排水和灌溉系统，提高防洪能力。\n   \n2. **农业保险**：考虑购买农业保险，以减轻自然灾害带来的经济损失。\n\n3. **多样化种植**：通过多样化种植，减少单一作物受灾带来的风险。\n\n4. **建立应急预案**：制定应对洪涝灾害的应急预案，包括人员疏散、设备保护、作物转移等。\n\n5. **土壤改良**：通过长期施用有机肥、深翻等方式改善土壤结构，增强土壤的抗洪涝能力。\n\n6. **气候变化适应性种植**：根据气候变化趋势，选择适应性强的作物种类和品种，提高农作物的抗灾能力。\n\n以上建议需要在具体情况下结合农田实际情况进行调整。希望这些建议能帮助你的农田从洪灾中恢复，并减少未来灾害的风险。', 'AGRONOMIST', '2025-03-15 18:26:52.410559', 'SIM-1741880356229');
INSERT INTO `agent_dialogue` VALUES (170, 'AGENT-1741937271422', '1. 自然语言建议：首先，洪水对于农田来说是一个严重的问题，因为它可能导致作物损失和土壤侵蚀。在洪水发生后，你可以采取以下措施来尽量减少损失并开始恢复工作：\n   - 确保自身安全，不要在洪水仍在进行时进入农田。\n   - 一旦洪水退去，尽快排出农田中残留的水分，可以挖排水沟或者使用抽水设备。\n   - 评估作物的受损情况，对于无法挽救的作物，考虑及时清理，为下一季作物种植做准备。\n   - 对于仍然有挽救希望的作物，可以采取一些补救措施，比如剪除病弱枝条，施肥以增强其恢复能力。\n   - 检查土壤结构，可能需要添加有机物料或进行深耕来改善土壤质量。\n   - 在未来的种植计划中，考虑种植一些耐洪涝的作物，或者采取一些水土保持措施来减少洪涝灾害的影响。\n\n2. JSON指令：\n||JSON_START||\n{\"type\": \"post-flood_recovery\", \"crop\": \"all\", \"actions\": [\"drainage\", \"crop_assessment\", \"pruning\", \"fertilization\", \"soil_management\", \"crop_selection\"]}\n||JSON_END||\n\n请注意，以上JSON指令是一个示例，具体的操作类型和作物名需要根据你的实际情况进行调整。如果你能提供更多关于你的农田和作物的详细信息，我可以提供更具体的建议。', 'FARMER', '2025-03-15 18:30:07.096611', 'SIM-1741937262514');
INSERT INTO `agent_dialogue` VALUES (171, 'AGENT-1741937726468', '1. 自然语言建议：洪水过后，首先确保人身安全，然后尽快采取以下措施来恢复和保护你的农田。清除农田中的积水，检查作物的受损情况，并采取相应的措施。对于受影响的作物，可能需要进行修剪和施肥来促进恢复。同时，考虑未来的防洪措施。\n\n2. JSON指令：\n||JSON_START||\n{\"type\":\"post-flood_recovery\", \"crop\":\"[作物名]\", \"actions\":[\"drainage\", \"crop_assessment\", \"pruning\", \"fertilization\", \"future_flood_prevention\"]}\n||JSON_END||\n\n请将\"[作物名]\"替换为你的具体作物名称，例如{\"crop\":\"wheat\"}，如果需要针对多种作物，可以列出所有受影响的作物。其他操作可以根据实际情况添加或修改。', 'FARMER', '2025-03-15 18:30:12.441821', 'SIM-1741937262514');
INSERT INTO `agent_dialogue` VALUES (172, 'AGENT-1741937809326', '1. 自然语言建议：洪水过后，我建议首先尽快排出农田中的积水，然后对作物进行评估，看是否需要修剪或施肥。同时，我们应该考虑采取一些措施来预防未来的洪水。\n\n2. JSON指令：\n||JSON_START||\n{\"type\":\"post-flood_recovery\", \"crop\":\"[作物名]\", \"actions\":[\"drainage\", \"crop_assessment\", \"pruning\", \"fertilization\", \"flood_prevention_measures\"]}\n||JSON_END||\n\n请确保将\"[作物名]\"替换为受影响的实际作物名称。如果不确定具体的作物名称，可以暂时留空或使用\"multiple\"表示多种作物。其他操作和参数可以根据实际情况进行添加或修改。', 'FARMER', '2025-03-15 18:30:17.881652', 'SIM-1741937262514');
INSERT INTO `agent_dialogue` VALUES (173, 'AGENT-1741938393890', '1. 自然语言建议：洪水过后，我需要迅速采取行动来恢复农田。首先，我会尽快排出农田中的积水，然后评估作物的受损情况，对于受损严重的作物进行修剪，并施用适当的肥料来促进恢复。同时，我需要考虑实施一些防洪措施，以减少未来洪水的影响。\n\n2. JSON指令：\n||JSON_START||\n{\"type\":\"post-flood_recovery\", \"crop\":\"[作物名]\", \"actions\":[{\"action_type\":\"drainage\"}, {\"action_type\":\"crop_assessment\"}, {\"action_type\":\"pruning\"}, {\"action_type\":\"fertilization\"}, {\"action_type\":\"flood_prevention\"}]}\n||JSON_END||\n\n请记得将\"[作物名]\"替换为实际的作物名称。如果多种作物受影响，可以使用数组格式列出所有作物名。例如：\n{\"crop\":[\"wheat\", \"corn\", \"soybeans\"]}', 'FARMER', '2025-03-15 18:30:25.577891', 'SIM-1741937262514');
INSERT INTO `agent_dialogue` VALUES (174, 'AGENT-1741939008516', '1. 自然语言建议：洪水过后，我需要迅速采取行动来恢复农田。首先，我会尽快安排排水工作，以减少农田内的积水。接下来，我会对作物进行评估，确定哪些作物可以挽救，哪些需要清理。对于受损但可以挽救的作物，我将进行修剪和施肥以促进它们的恢复。同时，我需要考虑采取一些长期的防洪措施，比如建造更高的田埂或改善排水系统，以防止未来再次发生洪水。\n\n2. JSON指令：\n||JSON_START||\n{\"type\":\"post-flood_recovery\", \"crop\":\"[作物名]\", \"actions\":[{\"action_type\":\"drainage\"}, {\"action_type\":\"crop_assessment\"}, {\"action_type\":\"pruning\", \"scope\":\"affected_areas\"}, {\"action_type\":\"fertilization\", \"type\":\"recovery_fertilizer\"}, {\"action_type\":\"flood_prevention\", \"measures\":[\"raised_banks\", \"drainage_improvement\"]]}\n||JSON_END||\n\n请将\"[作物名]\"替换为实际的作物名称，例如{\"crop\":\"rice\"}。其他操作和参数可以根据实际情况进行调整。', 'FARMER', '2025-03-15 18:30:34.130265', 'SIM-1741937262514');
INSERT INTO `agent_dialogue` VALUES (175, 'AGENT-1742026776404', '1. 自然语言建议：洪水过后，我需要尽快排出农田中的积水，检查作物的受损情况，并对受影响的作物进行适当的管理。我还会考虑采取一些防洪措施，以减少未来洪水的风险。\n\n2. JSON指令：\n||JSON_START||\n{\"type\":\"post-flood_recovery\", \"crop\":\"[作物名]\", \"actions\":[{\"action_type\":\"drainage\"}, {\"action_type\":\"crop_assessment\"}, {\"action_type\":\"crop_management\", \"scope\":\"affected_areas\"}, {\"action_type\":\"flood_prevention\", \"measures\":[\"raised_banks\", \"improved_drainage\"]]}\n||JSON_END||\n\n请将\"[作物名]\"替换为具体的作物名称，例如{\"crop\":\"corn\"}。其他操作和参数可以根据实际情况进行调整。', 'FARMER', '2025-03-15 18:30:41.435318', 'SIM-1741937262514');
INSERT INTO `agent_dialogue` VALUES (176, 'AGENT-1742034586874', '1. 自然语言建议：作为农民，我建议首先尽快排出农田中的积水，然后对作物进行评估，对受影响的区域进行修剪和施肥。同时，我需要考虑实施一些防洪措施，比如加高田埂和改善排水系统，以防止未来发生类似情况。\n\n2. JSON指令：\n||JSON_START||\n{\"type\":\"post-flood_recovery\", \"crop\":\"[作物名]\", \"actions\":[{\"action_type\":\"drainage\"}, {\"action_type\":\"crop_assessment\"}, {\"action_type\":\"pruning\", \"scope\":\"affected_areas\"}, {\"action_type\":\"fertilization\", \"type\":\"recovery_fertilizer\"}, {\"action_type\":\"flood_prevention\", \"measures\":[\"raised_banks\", \"drainage_system_improvement\"]]}\n||JSON_END||\n\n请将\"[作物名]\"替换为具体的作物名称，例如{\"crop\":\"wheat\"}。其他操作和参数可以根据实际情况进行调整。', 'FARMER', '2025-03-15 18:30:49.239686', 'SIM-1741937262514');
INSERT INTO `agent_dialogue` VALUES (177, 'AGENT-1741937271422', '1. 自然语言建议：首先，你需要确保自己的安全。一旦洪水发生，立即撤离受影响区域。接下来，可以考虑以下措施来应对洪水对农田的影响：\n\n   - 观察洪水退去的速度，如果可能，尝试引导水流远离农田。\n   - 洪水过后，检查土壤的泥沙沉积情况，可能需要清理。\n   - 检查作物的受损情况，对于被洪水浸泡过的作物，可能需要剪除受损部分。\n   - 对土壤进行测试，了解其酸碱度和营养水平，可能需要采取措施调整。\n   - 预防病虫害的发生，因为洪水可能会带来病原体和害虫。\n   - 如果条件允许，考虑种植一些短期作物来弥补损失。\n\n2. JSON指令：\n||JSON_START||\n{\"type\": \"flood_response\", \"actions\": [\"evacuate\", \"divert_water\", \"clean_sediment\", \"trim_plants\", \"soil_test\", \"pest_control\", \"plant_short_term_crops\"]}\n||JSON_END||\n\n请注意，这些建议和指令是基于一般情况，具体情况可能需要根据你的地理位置、气候条件、作物类型等因素进行调整。在实施任何措施之前，建议咨询当地农业专家或相关部门。', 'FARMER', '2025-03-15 18:36:35.047788', 'SIM-1741937262514');
INSERT INTO `agent_dialogue` VALUES (178, 'AGENT-1741937726468', '假设我是一名农民，我的农田遭受了洪水，以下是我的回答：\n\n1. 自然语言建议：\n洪水过后，首先确保个人安全，然后尽快采取措施减少农田损失。对于作物，你可能需要排水、清理泥沙、评估作物损伤，并根据情况采取相应措施。以下是具体的建议：\n\n- 排除农田积水，如果可能，使用排水系统或泵来加快排水。\n- 清理作物上的泥沙，以减少病害的发生。\n- 检查作物状况，对于受损严重的作物，可能需要考虑补种或改种。\n- 对土壤进行检测，了解其健康状况，必要时进行改良。\n- 加强病虫害监控，及时防治。\n\n2. JSON指令：\n||JSON_START||\n{\"type\":\"flood_recovery\", \"crop\":\"[作物名]\", \"actions\":[\"drainage\", \"sediment_cleanup\", \"crop_evaluation\", \"soil_testing\", \"pest_monitoring\"]}\n||JSON_END||\n\n请将\"[作物名]\"替换为受影响的作物名称，例如：\"corn\"（玉米）、\"rice\"（水稻）等。其他操作类型和字段可以根据实际情况添加。', 'FARMER', '2025-03-15 18:36:42.558102', 'SIM-1741937262514');
INSERT INTO `agent_dialogue` VALUES (179, 'AGENT-1741937809326', '1. 自然语言建议：\n洪水过后，首先要确保个人安全，然后对农田进行紧急处理。对于作物损失，你需要尽快排水，清理农田，并评估作物的受损情况。以下是具体的建议：\n\n- 尽快排出农田内的积水，以减少作物浸泡时间。\n- 清理作物上的泥沙，避免病害滋生。\n- 评估作物的受损程度，决定是否需要补种或更换作物。\n- 检测土壤状况，必要时进行土壤改良。\n- 加强对病虫害的监控和防治。\n\n2. JSON指令：\n||JSON_START||\n{\"type\":\"flood_recovery\", \"crop\":\"[作物名]\", \"actions\":[\"drainage\", \"sediment_removal\", \"crop_assessment\", \"soil_testing\", \"pest_control\"]}\n||JSON_END||\n\n请将\"[作物名]\"替换为具体受影响的作物名称，例如：\"wheat\"（小麦）或\"rice\"（水稻）。其他可能的字段可以包括具体的操作细节，例如：\"drainage_system\"（排水系统）或\"pesticide_type\"（杀虫剂类型）。', 'FARMER', '2025-03-15 18:36:50.504167', 'SIM-1741937262514');
INSERT INTO `agent_dialogue` VALUES (180, 'AGENT-1741938393890', '1. 自然语言建议：\n洪水过后，我建议你首先确保个人安全，然后立即采取以下措施来减轻农田损失：排出积水，清理泥沙，评估作物受损情况，并根据情况决定是否需要补种。同时，要注意土壤健康和病虫害防治。\n\n2. JSON指令：\n||JSON_START||\n{\"type\":\"flood_recovery\", \"crop\":\"[作物名]\", \"actions\":[\"drainage\", \"sediment_removal\", \"crop_assessment\", \"soil_health_monitoring\", \"pest_control\"]}\n||JSON_END||\n\n请确保在\"[作物名]\"处替换为你的具体作物名称。其他可能的字段可以根据实际情况添加，例如：\"drainage_system\"（排水系统详情）或\"pesticide_application\"（杀虫剂应用详情）。', 'FARMER', '2025-03-15 18:36:57.521533', 'SIM-1741937262514');
INSERT INTO `agent_dialogue` VALUES (181, 'AGENT-1741939008516', '1. 自然语言建议：\n洪水过后，我们需要迅速采取行动来减轻对农田的影响。首先，尽快排出积水，清理泥沙，然后评估作物受损情况。根据评估结果，我们可能需要补种或采取其他措施。同时，要注意监测土壤健康和防治病虫害。\n\n2. JSON指令：\n||JSON_START||\n{\"type\":\"flood_recovery\", \"crop\":\"[作物名]\", \"actions\":[\"drainage\", \"sediment_removal\", \"crop_assessment\", \"soil_monitoring\", \"pest_management\"]}\n||JSON_END||\n\n请将\"[作物名]\"替换为具体受影响的作物名称。其他操作细节可以在JSON指令中根据实际情况添加。', 'FARMER', '2025-03-15 18:37:02.756666', 'SIM-1741937262514');
INSERT INTO `agent_dialogue` VALUES (182, 'AGENT-1742026776404', '1. 自然语言建议：\n洪水过后，我们需要迅速采取行动来恢复农田。首先，尽快排出农田积水，然后清理作物上的泥沙。接下来，评估作物的受损程度，并根据情况决定是否需要补种。同时，要注意监测土壤健康状况并采取措施防治病虫害。\n\n2. JSON指令：\n||JSON_START||\n{\"type\":\"flood_recovery\", \"crop\":\"[作物名]\", \"actions\":[\"drainage\", \"sediment_removal\", \"crop_assessment\", \"soil_monitoring\", \"pest_management\"]}\n||JSON_END||\n\n请将\"[作物名]\"替换为具体受影响的作物名称。其他操作细节可以在JSON指令中根据实际情况添加，例如具体的排水方法、土壤改良措施等。', 'FARMER', '2025-03-15 18:37:08.592936', 'SIM-1741937262514');
INSERT INTO `agent_dialogue` VALUES (183, 'AGENT-1742034586874', '1. 自然语言建议：\n洪水过后，我的建议是首先快速排出农田积水，接着清理作物上的泥沙。之后，我要对作物进行仔细评估，看是否需要补种或更换作物。同时，我会关注土壤健康状况，并及时采取措施防治病虫害。\n\n2. JSON指令：\n||JSON_START||\n{\"type\":\"flood_recovery\", \"crop\":\"[作物名]\", \"actions\":[\"drainage\", \"sediment_removal\", \"crop_evaluation\", \"soil_health_monitoring\", \"pest_control\"]}\n||JSON_END||\n\n请将\"[作物名]\"替换为具体受影响的作物名称。其他操作细节（如具体的排水方法、土壤改良措施等）可以在JSON结构中根据实际情况相应添加。', 'FARMER', '2025-03-15 18:37:14.227811', 'SIM-1741937262514');
INSERT INTO `agent_dialogue` VALUES (184, 'AGENT-1741937271422', '1. 自然语言建议：首先，洪水对农田的影响可能是毁灭性的，但有些措施可以帮助你减轻损失。立即行动，尽可能地排水，以减少作物浸泡在水中时间过长。如果可能的话，利用抽水泵或其他排水设备帮助排出农田中的积水。同时，评估作物的受损情况，对于无法挽救的作物，考虑及时收割以减少损失。在洪水过后，要注意土壤的消毒和修复，避免后续的病害问题。\n\n2. JSON指令：\n||JSON_START||\n{\"type\":\"emergency_response\", \"action\":\"drainage\", \"crop\":\"[作物名]\", \"follow_up\":\"soil_remediation\"}\n||JSON_END||\n\n请将\"[作物名]\"替换为你的具体作物类型。以上JSON指令假设你需要进行紧急排水和后续的土壤修复工作。如果还有其他具体需求，可以相应调整JSON中的字段和值。', 'FARMER', '2025-03-15 18:39:16.836118', 'SIM-1741937262514');
INSERT INTO `agent_dialogue` VALUES (185, 'AGENT-1741937726468', '当我的农田发生洪水时：\n\n1. 自然语言建议：首先，需要尽快采取措施来减轻洪水对农田的影响。应该尽快排出农田中的积水，以减少作物受损。同时，需要评估洪水对作物的影响，并考虑采取以下措施：使用排水泵或开启排水沟，如果可能的话，调整作物种植计划，以适应洪水后的生长条件。此外，要注意检查土壤健康状况，预防可能出现的病害。\n\n2. JSON指令：\n||JSON_START||\n{\"type\":\"flood_response\", \"action\":\"drainage\", \"crop\":\"[作物名]\", \"monitoring\":\"soil_health\", \"adjustment\":\"crop_plan\"}\n||JSON_END||\n\n请将\"[作物名]\"替换为你的具体作物类型。这个JSON指令包括了洪水的应急响应、排水、土壤健康监测和作物种植计划的调整。', 'FARMER', '2025-03-15 18:39:23.303653', 'SIM-1741937262514');
INSERT INTO `agent_dialogue` VALUES (186, 'AGENT-1741937809326', '1. 自然语言建议：作为农民，面对农田洪水，首先应立即采取行动排水，以减少作物受损。同时，需要评估洪水对作物的影响，并据此调整种植计划。此外，注意洪水后可能出现的土壤病害和作物疾病，采取相应的预防和修复措施。\n\n2. JSON指令：\n||JSON_START||\n{\"type\":\"flood_response\", \"crop\":\"[作物名]\", \"action\":[\"drainage\", \"assessment\", \"prevention\", \"remediation\"], \"next_steps\":[\"adjust_crop_plan\", \"monitor_soil_health\"]}\n||JSON_END||\n\n请将\"[作物名]\"替换为你的具体作物类型。此JSON指令包含了洪水的应对措施，包括排水、评估、预防和修复，以及后续步骤，如调整作物计划和监测土壤健康。', 'FARMER', '2025-03-15 18:39:29.271006', 'SIM-1741937262514');
INSERT INTO `agent_dialogue` VALUES (187, 'AGENT-1741938393890', '1. 自然语言建议：面对农田洪水，我建议首先尽快启动排水系统，以减少积水对作物的损害。随后，需要评估作物受损情况，并采取必要的措施预防病害的发生。根据评估结果，可能需要调整种植计划，并密切监测土壤健康状况。\n\n2. JSON指令：\n||JSON_START||\n{\"type\":\"flood_response\", \"crop\":\"[作物名]\", \"actions\":[\"drainage\", \"assessment\", \"disease_prevention\"], \"next_steps\":[\"crop_plan_adjustment\", \"soil_health_monitoring\"]}\n||JSON_END||\n\n请将\"[作物名]\"替换为你的具体作物类型。以上JSON指令包含了洪水的应对措施和后续步骤。', 'FARMER', '2025-03-15 18:39:36.016125', 'SIM-1741937262514');
INSERT INTO `agent_dialogue` VALUES (188, 'AGENT-1741939008516', '1. 自然语言建议：作为农民，面对洪水，我首先要迅速启动排水系统，尽量减少农田积水。接着，我会对作物进行评估，看是否需要采取病害防治措施。此外，我还需要考虑调整种植计划，并持续监测土壤健康状况。\n\n2. JSON指令：\n||JSON_START||\n{\"type\":\"flood_management\", \"crop\":\"[作物名]\", \"actions\":[\"drainage\", \"crop_assessment\", \"disease_control\"], \"follow_up\":[\"crop_plan_adjustment\", \"soil_monitoring\"]}\n||JSON_END||\n\n请将\"[作物名]\"替换为你的具体作物类型。以上JSON指令仅包含操作类型和相关的措施，符合要求的格式。', 'FARMER', '2025-03-15 18:39:41.391542', 'SIM-1741937262514');
INSERT INTO `agent_dialogue` VALUES (189, 'AGENT-1742026776404', '1. 自然语言建议：面对农田洪水，我首先会尽快启动排水系统，以降低农田积水。然后，我会对作物进行损害评估，并采取必要措施预防病害。根据评估结果，我可能需要调整种植计划，并定期监测土壤健康状况。\n\n2. JSON指令：\n||JSON_START||\n{\"type\":\"flood_management\", \"crop\":\"[作物名]\", \"actions\":[\"drainage\", \"damage_assessment\", \"disease_prevention\"], \"follow_up\":[\"crop_plan_adjustment\", \"soil_health_monitoring\"]}\n||JSON_END||\n\n请将\"[作物名]\"替换为你的具体作物类型。以上JSON指令遵循了要求的格式，并包含了相应的操作类型和措施。', 'FARMER', '2025-03-15 18:39:49.166999', 'SIM-1741937262514');
INSERT INTO `agent_dialogue` VALUES (190, 'AGENT-1742034586874', '1. 自然语言建议：面对农田洪水，我首先会尽快采取行动排水，以减少农作物受损。接下来，我会对作物进行损害评估，并根据情况采取病害防治措施。我还计划调整种植计划，并定期检查土壤健康状况，确保作物能够恢复正常生长。\n\n2. JSON指令：\n||JSON_START||\n{\"type\":\"flood_management\", \"crop\":\"[作物名]\", \"actions\":[\"drainage\", \"damage_assessment\", \"disease_control\"], \"follow_up\":[\"crop_plan_adjustment\", \"soil_monitoring\"]}\n||JSON_END||\n\n请将\"[作物名]\"替换为实际的作物名称。以上JSON指令包含了操作类型、作物名称以及相应的行动和后续步骤。', 'FARMER', '2025-03-15 18:39:55.531448', 'SIM-1741937262514');
INSERT INTO `agent_dialogue` VALUES (191, 'AGENT-1742035147169', '1. 自然语言建议：首先，我需要尽快启动农田排水系统，以减少洪水对作物的影响。接下来，我要对作物进行损害评估，并根据评估结果采取相应的病害防治措施。此外，我还需要调整种植计划，并定期监测土壤健康状况，以确保作物能够恢复生长。\n\n2. JSON指令：\n||JSON_START||\n{\"type\":\"flood_management\", \"crop\":\"[作物名]\", \"actions\":[\"drainage\", \"damage_assessment\", \"disease_prevention\"], \"follow_up\":[\"crop_plan_adjustment\", \"soil_health_monitoring\"]}\n||JSON_END||\n\n请将\"[作物名]\"替换为实际的作物名称。以上JSON指令遵循了要求的格式，并包含了操作类型、作物名称以及相关的行动和后续步骤。', 'FARMER', '2025-03-15 18:40:02.729861', 'SIM-1741937262514');
INSERT INTO `agent_dialogue` VALUES (192, 'AGENT-1741937271422', '1. 自然语言建议：首先，洪水对于农作物来说是一个严重的问题，因为它可以导致土壤侵蚀、作物浸泡和病害的蔓延。在洪水发生后，你需要尽快采取以下措施来减轻损失：\n   - 首先，确保你的人身安全是首要任务，不要在洪水退去之前进入受影响的农田。\n   - 一旦洪水退去，检查农田的受损情况，评估哪些作物可以挽救，哪些需要放弃。\n   - 清除农田中的泥沙和杂物，以防止进一步的损害。\n   - 如果可能，进行排水工作，以排除多余的水分，恢复土壤的正常状态。\n   - 对于受影响的作物，剪除受损的枝叶，以减少病害的风险。\n   - 施用适量的肥料和杀菌剂，以帮助作物恢复生长。\n   - 考虑重新种植那些在洪水中无法挽救的作物。\n\n2. JSON指令：\n||JSON_START||\n{\n  \"type\": \"post-flood_action\",\n  \"actions\": [\n    {\"step\": \"evaluate_damage\", \"priority\": \"high\"},\n    {\"step\": \"remove_debris\", \"priority\": \"medium\"},\n    {\"step\": \"drainage\", \"priority\": \"high\"},\n    {\"step\": \"prune_damaged_parts\", \"priority\": \"medium\"},\n    {\"step\": \"apply_fertilizer\", \"priority\": \"medium\"},\n    {\"step\": \"apply_fungicide\", \"priority\": \"medium\"},\n    {\"step\": \"replant\", \"priority\": \"low\"}\n  ]\n}\n||JSON_END||\n\n请注意，这些建议和指令是基于一般情况的，具体操作可能需要根据你的实际情况和当地的条件进行调整。', 'FARMER', '2025-03-15 18:43:33.702032', 'SIM-1741937262514');
INSERT INTO `agent_dialogue` VALUES (193, 'AGENT-1741937271422', '1. 自然语言建议：首先，洪水对农田的影响可能非常严重，需要尽快采取行动以减轻损失。在确保人身安全的前提下，可以考虑以下步骤：\n   - 如果洪水还未退去，尽量将农田中的积水引导到排水系统或者低洼地带，以减少作物浸泡的时间。\n   - 洪水退去后，及时清除农田中的泥沙和杂物，以免影响作物生长。\n   - 检查作物的受损情况，对于受损较轻的作物，可以剪除病弱枝条，促进恢复生长。\n   - 对于受损严重的作物，可能需要考虑补种或者改种其他作物。\n   - 对农田进行消毒处理，以防洪水带来的病虫害。\n\n2. JSON指令：\n||JSON_START||\n{\n  \"type\": \"emergency_response\",\n  \"action\": \"drainage_and_cleaning\",\n  \"crop\": \"evaluate_damage\",\n  \"activity\": [\"pruning\", \"reseeding\", \"disinfection\"]\n}\n||JSON_END||\n\n请注意，JSON指令中的\"crop\"字段我没有指定具体的作物名，因为你的问题中没有提及具体的作物类型。如果需要针对特定作物给出建议，请提供作物名称。', 'FARMER', '2025-03-15 18:43:36.138150', 'SIM-1741937262514');
INSERT INTO `agent_dialogue` VALUES (194, 'AGENT-1741937726468', '假设我是一位农民，面对农田洪水的情况，以下是我的回答：\n\n1. 自然语言建议：\n洪水过后，首先确保安全，然后尽快评估作物损失。对于水退之后的作物，采取以下措施：清除农田中的泥沙和杂物，进行排水以降低土壤湿度，剪除受损的植物部分，并考虑对作物进行施肥和病害防治。如果需要，准备重新种植部分作物。\n\n2. JSON指令：\n||JSON_START||\n{\"type\":\"post-flood_crop_management\", \"crop\":\"水稻\", \n \"actions\": [\n    {\"step\": \"remove_debris\", \"priority\": \"high\"},\n    {\"step\": \"drain_soil\", \"priority\": \"high\"},\n    {\"step\": \"prune_damage\", \"priority\": \"medium\"},\n    {\"step\": \"apply_fertilizer\", \"priority\": \"medium\"},\n    {\"step\": \"disease_control\", \"priority\": \"medium\"},\n    {\"step\": \"replanting\", \"condition\": \"if_necessary\", \"priority\": \"low\"}\n  ]\n}\n||JSON_END||\n\n在这个JSON指令中，\"type\"定义了操作的类型，\"crop\"指定了受影响的作物（这里假设是水稻），\"actions\"包含了需要执行的一系列步骤，每个步骤都有关联的优先级和条件（如果适用）。注意，这里没有重复使用标记。', 'FARMER', '2025-03-15 18:43:43.137092', 'SIM-1741937262514');
INSERT INTO `agent_dialogue` VALUES (195, 'AGENT-1741937726468', '假设我的农田遭受了洪水，以下是我的回应：\n\n1. 自然语言建议：\n洪水过后，首先确保个人安全，然后立即采取以下措施以减轻对农田的影响。检查作物受损情况，并对受影响较小的区域进行排水和清淤。对于作物，可能需要进行修剪或补种。同时，注意进行土壤消毒，以防病虫害的滋生。\n\n   - 快速排水，清理农田中的泥沙。\n   - 评估作物损失，对于严重受损的作物考虑补种。\n   - 对农田进行消毒，预防病害。\n   - 如果可能，对作物进行修剪，促进恢复生长。\n\n2. JSON指令：\n||JSON_START||\n{\"type\":\"emergency_response\", \"crop\":\"玉米\", \"actions\":[\"drainage\", \"assessment\", \"sanitization\", \"pruning\"]}\n||JSON_END||\n\n在这个JSON指令中，\"crop\"字段指定了作物为玉米，\"actions\"字段列出了需要执行的操作。如果需要针对不同作物，请将\"玉米\"替换为相应的作物名。', 'FARMER', '2025-03-15 18:43:44.540445', 'SIM-1741937262514');
INSERT INTO `agent_dialogue` VALUES (196, 'AGENT-1741937809326', '1. 自然语言建议：\n洪水发生后，我建议首先确保你的人身安全。接下来，针对玉米地，我们应该尽快排水，清理泥沙，检查作物受损情况，并对土壤进行消毒。对于受损较轻的玉米，可以修剪掉受损部分，帮助作物恢复生长。\n\n2. JSON指令：\n||JSON_START||\n{\"type\":\"flood_recovery\", \"crop\":\"玉米\", \"actions\":[\"drainage\", \"cleaning\", \"damage_assessment\", \"soil_sanitization\", \"crop_pruning\"]}\n||JSON_END||', 'FARMER', '2025-03-15 18:43:49.922924', 'SIM-1741937262514');
INSERT INTO `agent_dialogue` VALUES (197, 'AGENT-1741937809326', '1. 自然语言建议：\n洪水过后，首先要确保个人安全，随后应立即对农田进行清淤和排水工作。针对水稻作物，需要剪除受损部分，及时施肥以促进恢复，同时要注意防治可能出现的病虫害。如果条件允许，对于损失严重的区域，应考虑补种。\n\n2. JSON指令：\n||JSON_START||\n{\n  \"type\": \"post-flood_crop_management\",\n  \"crop\": \"水稻\",\n  \"actions\": [\n    {\"step\": \"remove_debris\", \"priority\": \"high\"},\n    {\"step\": \"drainage\", \"priority\": \"high\"},\n    {\"step\": \"prune_damaged_parts\", \"priority\": \"medium\"},\n    {\"step\": \"apply_fertilizer\", \"priority\": \"medium\"},\n    {\"step\": \"disease_and_pest_control\", \"priority\": \"medium\"},\n    {\"step\": \"replanting\", \"condition\": \"if_necessary\", \"priority\": \"low\"}\n  ]\n}\n||JSON_END||', 'FARMER', '2025-03-15 18:43:50.510235', 'SIM-1741937262514');
INSERT INTO `agent_dialogue` VALUES (198, 'AGENT-1741938393890', '1. 自然语言建议：\n作为农民，面对洪水过后的玉米田，我们需要迅速采取行动。首先，尽快启动排水系统，将多余的水排出田地。随后，清理田地中的泥沙和杂物。评估玉米的受损程度，对于受损较轻的植株进行修剪，对于无法挽救的植株考虑补种。同时，为了预防病虫害，需要对土壤进行消毒处理。\n\n2. JSON指令：\n||JSON_START||\n{\"type\":\"flood_recovery\", \"crop\":\"玉米\", \"actions\":[\"drainage\", \"cleaning\", \"assessment\", \"pruning\", \"reseeding\", \"soil_sanitization\"]}\n||JSON_END||', 'FARMER', '2025-03-15 18:43:56.969006', 'SIM-1741937262514');
INSERT INTO `agent_dialogue` VALUES (199, 'AGENT-1741938393890', '1. 自然语言建议：\n洪水过后，我建议首先清理农田中的泥沙和杂物，然后尽快进行排水，以减少作物浸泡时间。接着，剪除水稻受损的叶片，防止病害滋生。施肥有助于作物恢复生长，同时要做好病虫害防治工作。如果必要，对于损失严重的区域，应该考虑及时补种。\n\n2. JSON指令：\n||JSON_START||\n{\n  \"type\": \"post-flood_crop_management\",\n  \"crop\": \"水稻\",\n  \"actions\": [\n    {\"step\": \"clean_debris\", \"priority\": \"high\"},\n    {\"step\": \"drainage\", \"priority\": \"high\"},\n    {\"step\": \"prune_damage\", \"priority\": \"medium\"},\n    {\"step\": \"apply_fertilizer\", \"priority\": \"medium\"},\n    {\"step\": \"pest_control\", \"priority\": \"medium\"},\n    {\"step\": \"replant\", \"condition\": \"if_necessary\", \"priority\": \"low\"}\n  ]\n}\n||JSON_END||', 'FARMER', '2025-03-15 18:43:58.453971', 'SIM-1741937262514');
INSERT INTO `agent_dialogue` VALUES (200, 'AGENT-1741939008516', '1. 自然语言建议：\n作为农民，面对洪水对玉米田的影响，我的建议如下：首先，我们需要尽快启动排水系统，将田地里的积水排干净。接着，我们要清理田地中的泥沙和杂物。然后，对玉米植株进行受损评估，对受损较轻的植株进行修剪，移除受损严重的植株，并考虑补种。此外，为了防止病虫害的发生，需要对土壤进行消毒处理。\n\n2. JSON指令：\n||JSON_START||\n{\"type\":\"flood_recovery_plan\", \"crop\":\"玉米\", \"actions\":[\"drainage\", \"cleaning\", \"damage_assessment\", \"pruning\", \"reseeding\", \"soil_sanitization\"]}\n||JSON_END||', 'FARMER', '2025-03-15 18:44:04.002023', 'SIM-1741937262514');
INSERT INTO `agent_dialogue` VALUES (201, 'AGENT-1741939008516', '1. 自然语言建议：\n洪水过后，我作为农民，建议立即采取以下措施以减轻损失：首先清理农田中的泥沙和杂物，然后迅速进行排水工作，以减少水稻作物的浸泡时间。接下来，剪除受损的叶片，防止病害的蔓延。根据情况，适量施肥以促进作物恢复生长，并且要做好病虫害的防治工作。如果有的区域损失严重，需要考虑及时补种。\n\n2. JSON指令：\n||JSON_START||\n{\n  \"type\": \"post-flood_recovery\",\n  \"crop\": \"水稻\",\n  \"actions\": [\n    {\"step\": \"clean_debris\", \"priority\": \"high\"},\n    {\"step\": \"drainage\", \"priority\": \"high\"},\n    {\"step\": \"prune_damaged_leaves\", \"priority\": \"medium\"},\n    {\"step\": \"fertilize\", \"priority\": \"medium\"},\n    {\"step\": \"disease_pest_control\", \"priority\": \"medium\"},\n    {\"step\": \"replant\", \"condition\": \"if_necessary\", \"priority\": \"low\"}\n  ]\n}\n||JSON_END||', 'FARMER', '2025-03-15 18:44:06.514561', 'SIM-1741937262514');
INSERT INTO `agent_dialogue` VALUES (202, 'AGENT-1742026776404', '1. 自然语言建议：\n洪水过后，对于玉米田的恢复，我建议首先快速进行排水工作，随后清理田地中的泥沙和杂物。接着，我们要评估玉米的受损情况，对受损较轻的植株进行修剪，而对于那些无法恢复的植株，需要及时进行补种。此外，为了确保作物健康，必须对土壤进行消毒处理。\n\n2. JSON指令：\n||JSON_START||\n{\"type\":\"flood_recovery\", \"crop\":\"玉米\", \"actions\":[\"drainage\", \"cleaning\", \"damage_assessment\", \"pruning\", \"reseeding\", \"soil_sanitization\"]}\n||JSON_END||', 'FARMER', '2025-03-15 18:44:09.323352', 'SIM-1741937262514');
INSERT INTO `agent_dialogue` VALUES (203, 'AGENT-1742034586874', '1. 自然语言建议：\n洪水过后，我们首先要快速排出田地里的积水，然后清理泥沙和杂物。之后，我们需要评估玉米的受损情况，对轻度受损的植株进行修剪，对无法挽救的植株进行替换补种。最后，为了保护剩余作物，必须对土壤进行消毒处理。\n\n2. JSON指令：\n||JSON_START||\n{\"type\":\"flood_recovery\", \"crop\":\"玉米\", \"actions\":[\"drainage\", \"cleaning\", \"assessment\", \"pruning\", \"reseeding\", \"soil_sanitization\"]}\n||JSON_END||', 'FARMER', '2025-03-15 18:44:14.449738', 'SIM-1741937262514');
INSERT INTO `agent_dialogue` VALUES (204, 'AGENT-1742026776404', '1. 自然语言建议：\n洪水过后，我作为农民，需要迅速采取以下步骤来恢复水稻田：首先清除农田中的泥沙和杂物，然后进行排水以减少作物浸泡时间。接下来，剪除受损的叶片，施肥以帮助作物恢复，同时进行病虫害防治。如果必要，对于损失严重的区域，我将考虑补种。\n\n2. JSON指令：\n||JSON_START||\n{\n  \"type\": \"post-flood_recovery\",\n  \"crop\": \"水稻\",\n  \"actions\": [\n    {\"step\": \"remove_debris\", \"priority\": \"high\"},\n    {\"step\": \"drain_soil\", \"priority\": \"high\"},\n    {\"step\": \"prune_damage\", \"priority\": \"medium\"},\n    {\"step\": \"apply_fertilizer\", \"priority\": \"medium\"},\n    {\"step\": \"control_diseases_pests\", \"priority\": \"medium\"},\n    {\"step\": \"replant\", \"condition\": \"if_necessary\", \"priority\": \"low\"}\n  ]\n}\n||JSON_END||', 'FARMER', '2025-03-15 18:44:15.439585', 'SIM-1741937262514');
INSERT INTO `agent_dialogue` VALUES (205, 'AGENT-1742035147169', '1. 自然语言建议：\n洪水过后，我的玉米田需要迅速采取以下措施：首先，我要尽快排干田里的积水，然后清理掉泥沙和杂物。接下来，我要对玉米植株进行评估，对受损较轻的进行修剪，对无法恢复的进行替换补种。最后，为了防止未来的病虫害问题，我需要对土壤进行消毒。\n\n2. JSON指令：\n||JSON_START||\n{\"type\":\"flood_recovery_operations\", \"crop\":\"玉米\", \"actions\":[\"drainage\", \"cleaning\", \"damage_assessment\", \"pruning\", \"reseeding\", \"soil_sanitization\"]}\n||JSON_END||', 'FARMER', '2025-03-15 18:44:20.400459', 'SIM-1741937262514');
INSERT INTO `agent_dialogue` VALUES (206, 'AGENT-1742034586874', '1. 自然语言建议：\n洪水过后，我作为农民，将立即着手以下工作：首先，我会尽快清理农田中的泥沙和残留物。其次，我会开启排水系统，确保农田内的积水迅速排出。之后，我会修剪掉水稻受损的叶片，并施用适量的肥料来帮助作物恢复生长。同时，我会密切监测作物状况，采取必要的病虫害防治措施。如果有些区域的水稻损失无法挽救，我将计划在这些地方进行补种。\n\n2. JSON指令：\n||JSON_START||\n{\n  \"type\": \"post-flood_recovery_plan\",\n  \"crop\": \"水稻\",\n  \"actions\": [\n    {\"step\": \"remove_debris\", \"priority\": \"high\"},\n    {\"step\": \"initiate_drainage\", \"priority\": \"high\"},\n    {\"step\": \"prune_damaged_leaves\", \"priority\": \"medium\"},\n    {\"step\": \"apply_fertilizer\", \"priority\": \"medium\"},\n    {\"step\": \"monitor_for_diseases_and_pests\", \"priority\": \"medium\"},\n    {\"step\": \"replant_if_necessary\", \"priority\": \"low\"}\n  ]\n}\n||JSON_END||', 'FARMER', '2025-03-15 18:44:24.830934', 'SIM-1741937262514');
INSERT INTO `agent_dialogue` VALUES (207, 'AGENT-1742035147169', '1. 自然语言建议：\n洪水过后，我作为农民，将采取以下步骤来应对水稻田的洪水影响：首先，我会快速清除农田中的泥沙和杂物。其次，我会确保农田的排水系统运作良好，以减少作物浸泡的时间。然后，我会修剪掉水稻的受损部分，并适时施用肥料，帮助作物恢复生长。同时，我会留意病虫害的发生，并采取相应的防治措施。如果必要，我会对损失严重的区域进行补种。\n\n2. JSON指令：\n||JSON_START||\n{\n  \"type\": \"post-flood_recovery\",\n  \"crop\": \"水稻\",\n  \"actions\": [\n    {\"step\": \"clear_debris\", \"priority\": \"high\"},\n    {\"step\": \"ensure_drainage\", \"priority\": \"high\"},\n    {\"step\": \"trim_damage\", \"priority\": \"medium\"},\n    {\"step\": \"apply_fertilizer\", \"priority\": \"medium\"},\n    {\"step\": \"monitor_pests_diseases\", \"priority\": \"medium\"},\n    {\"step\": \"replant_loss_areas\", \"condition\": \"if_necessary\", \"priority\": \"low\"}\n  ]\n}\n||JSON_END||', 'FARMER', '2025-03-15 18:44:34.473067', 'SIM-1741937262514');
INSERT INTO `agent_dialogue` VALUES (208, 'AGENT-1741880418333', '1. 自然语言建议：首先，洪水对农田的影响可能非常严重，需要尽快采取行动以减少损失。如果洪水尚未退去，建议您不要进入受影响的区域，以免发生危险。一旦洪水退去，您应该进行以下几步操作：\n\n   - 清除农田中的积水，可以通过排水系统或者挖掘沟渠来实现。\n   - 检查土壤的盐碱度，洪水可能会带来盐分，影响作物生长。\n   - 观察作物受损情况，剪除受损严重的部分，促进新芽生长。\n   - 对土壤进行消毒，以防洪水带来的病虫害。\n   - 根据土壤和作物的具体情况，考虑施用适量的肥料，帮助作物恢复生长。\n\n2. JSON指令：\n||JSON_START||\n{\n  \"type\": \"post-flood_action\",\n  \"crop\": \"通用\", \n  \"actions\": [\n    {\"step\": \"drainage\", \"description\": \"清除农田积水\"},\n    {\"step\": \"soil_salinity_check\", \"description\": \"检查土壤盐碱度\"},\n    {\"step\": \"crop_damage_assessment\", \"description\": \"评估作物受损情况\"},\n    {\"step\": \"pruning\", \"description\": \"剪除受损作物部分\"},\n    {\"step\": \"soil_disinfection\", \"description\": \"土壤消毒\"},\n    {\"step\": \"fertilization\", \"description\": \"施肥以促进作物恢复\"}\n  ]\n}\n||JSON_END||\n\n请注意，具体的作物可能需要特定的恢复措施，以上JSON指令中的“作物名”字段设置为“通用”，因为未提供具体作物信息。如果是特定作物，请将\"通用\"替换为相应的作物名，并根据该作物调整恢复措施。', 'METEOROLOGIST', '2025-03-15 18:45:14.719237', 'SIM-1741880356229');
INSERT INTO `agent_dialogue` VALUES (209, 'AGENT-1741880475079', '1. 自然语言建议：\n洪水过后，为了减轻对农田的影响，建议采取以下措施：首先，尽快排空农田积水，以减少根系窒息的风险。其次，评估作物受损情况，并根据评估结果决定是否需要补种或调整种植计划。同时，进行土壤测试，检查土壤结构和养分状况，以便采取相应的土壤改良措施。此外，注意防治可能由洪水带来的病虫害。\n\n2. JSON指令：\n||JSON_START||\n{\n  \"type\": \"post-flood_management\",\n  \"crop\": \"通用作物\",\n  \"actions\": [\n    {\"step\": \"drainage\", \"description\": \"排空农田积水\"},\n    {\"step\": \"crop_assessment\", \"description\": \"评估作物受损情况\"},\n    {\"step\": \"soil_testing\", \"description\": \"进行土壤测试\"},\n    {\"step\": \"soil_improvement\", \"description\": \"根据土壤测试结果进行土壤改良\"},\n    {\"step\": \"disease_control\", \"description\": \"防治病虫害\"}\n  ]\n}\n||JSON_END||\n\n请根据实际情况替换“通用作物”为具体的作物名称，并根据作物的具体需求调整操作步骤。', 'AGRONOMIST', '2025-03-15 18:45:22.705231', 'SIM-1741880356229');
INSERT INTO `agent_dialogue` VALUES (210, 'AGENT-1741882811281', '假设农民询问如何在即将到来的暴雨期间保护作物：\n\n1. 自然语言建议：\n在即将到来的暴雨期间，为了保护您的作物，建议采取以下措施：首先，确保排水系统畅通，以防积水过多；其次，如果可能，对作物进行覆盖，以减少雨水直接冲击造成的损害；此外，考虑为易受风害的作物设置支撑结构；最后，监控天气预报，以便在必要时迅速采取行动。\n\n2. JSON指令：\n||JSON_START||\n{\"type\":\"pre-storm_protection\", \"crop\":\"[作物名]\", \"actions\": [\n  {\"step\":\"ensure_drainage\", \"description\":\"检查并维护排水系统\"},\n  {\"step\":\"cover_crops\", \"description\":\"使用覆盖物保护作物\"},\n  {\"step\":\"provide_support\", \"description\":\"为作物设置支撑结构\"},\n  {\"step\":\"monitor_forecast\", \"description\":\"持续监控天气预报\"}\n]}\n||JSON_END||\n\n请将\"[作物名]\"替换为实际种植的作物名称。以上JSON指令提供了保护作物免受暴雨影响的基本操作类型和步骤。', 'METEOROLOGIST', '2025-03-15 18:45:30.151817', 'SIM-1741880356229');
INSERT INTO `agent_dialogue` VALUES (211, 'AGENT-1741882822195', '1. 自然语言建议：\n为了在即将到来的暴雨期间保护作物，建议您采取以下措施：确保农田排水系统畅通无阻，以防止水患；对作物进行适当的覆盖，以减少因雨水冲击造成的损害；对于容易受风害的作物，建立稳固的支撑结构；密切监控气象预报，以便及时采取应对措施。\n\n2. JSON指令：\n||JSON_START||\n{\"type\":\"storm_protection_measures\", \"crop\":\"[作物名]\", \"actions\": [\n  {\"step\":\"check_drainage_system\", \"description\":\"检查并清理排水系统\"},\n  {\"step\":\"apply_crop_cover\", \"description\":\"使用合适材料覆盖作物\"},\n  {\"step\":\"erect_support_system\", \"description\":\"为易受风害作物建立支撑\"},\n  {\"step\":\"monitor_weather_forecast\", \"description\":\"持续关注气象预报更新\"}\n]}\n||JSON_END||\n\n请将\"[作物名]\"替换为您的具体作物名称。以上JSON指令提供了针对暴雨期间保护作物的具体操作类型和步骤。', 'METEOROLOGIST', '2025-03-15 18:45:37.744004', 'SIM-1741880356229');
INSERT INTO `agent_dialogue` VALUES (212, 'AGENT-1741882987560', '1. 自然语言建议：\n在即将到来的暴雨期间，我建议首先检查农田的排水系统，确保它能够有效排水，避免积水。其次，考虑为作物提供覆盖物，比如使用塑料布或者稻草，以保护作物免受雨水的直接冲击。对于一些高大或者易倒伏的作物，应该建立稳固的支撑结构。同时，需要密切留意天气预报，以便在暴雨来临前及时采取额外措施。\n\n2. JSON指令：\n||JSON_START||\n{\"type\":\"storm_preparation\", \"crop\":\"[作物名]\", \"actions\": [\n  {\"step\":\"inspect_drainage\", \"description\":\"检查并优化排水系统\"},\n  {\"step\":\"apply_cover\", \"description\":\"使用覆盖物保护作物\"},\n  {\"step\":\"install_supports\", \"description\":\"为作物建立支撑结构\"},\n  {\"step\":\"watch_forecast\", \"description\":\"持续关注天气预报\"}\n]}\n||JSON_END||\n\n请将\"[作物名]\"替换为您的具体作物名称。以上JSON指令提供了针对暴雨期间作物保护的具体操作建议。', 'FARMER', '2025-03-15 18:45:45.965845', 'SIM-1741880356229');
INSERT INTO `agent_dialogue` VALUES (213, 'AGENT-1741883009473', '1. 自然语言建议：\n在即将到来的暴雨期间，确保采取以下措施以保护作物：检查和清理排水系统，以保证水能够迅速排出；使用适当的覆盖材料，如塑料布或稻草，来减轻雨水对作物的直接冲击；对于易倒伏或高大的作物，建立稳固的支撑结构；定期检查天气预报，以便及时采取预防措施。\n\n2. JSON指令：\n||JSON_START||\n{\"type\":\"storm_precautions\", \"crop\":\"[作物名]\", \"actions\": [\n  {\"step\":\"drainage_inspection\", \"description\":\"检查并清理排水系统\"},\n  {\"step\":\"crop_covering\", \"description\":\"使用覆盖材料保护作物\"},\n  {\"step\":\"support_structures\", \"description\":\"为易倒伏作物建立支撑\"},\n  {\"step\":\"weather_monitoring\", \"description\":\"定期检查天气预报\"}\n]}\n||JSON_END||\n\n请将\"[作物名]\"替换为您的具体作物名称。以上JSON指令提供了针对暴雨期间作物保护的详细操作建议。', 'AGRONOMIST', '2025-03-15 18:45:53.866487', 'SIM-1741880356229');
INSERT INTO `agent_dialogue` VALUES (214, 'AGENT-1742037786194', '基于我们之前提到的环境数据，目前农场的环境状况如下：\n\n- 温度：25.5℃，这个温度对于小麦来说是比较适宜的，有利于作物的生长。\n- 土壤肥力：80%，说明土壤肥力较高，可以为小麦提供良好的营养。\n- 降水量：50.0mm，这个降水量对于小麦来说可能是适中的，但具体还需要看降水的分布和频率。\n\n根据这些条件，我的建议是：\n\n1. 温度适宜，小麦应该能够良好生长，但要注意未来温度变化，特别是夜间低温，避免霜冻伤害。\n2. 土壤肥力较高，可以适当减少施肥量，避免过度施肥导致作物生长过旺，影响抗病性。\n3. 降水量目前适中，但如果未来一段时间内没有有效降水，需要考虑灌溉以确保小麦生长所需的水分。\n\n总体来说，目前农场环境对小麦生长是有利的，但还需要持续关注天气变化，适时调整管理措施。', 'FARMER', '2025-03-15 19:23:15.918070', 'SIM-1742036785372');
INSERT INTO `agent_dialogue` VALUES (215, 'AGENT-1742037786194', '根据之前提供的数据，目前农场环境如下：\n\n- 温度：25.5℃，这个温度对于小麦来说可能稍微偏高了，小麦生长的适宜温度一般在15-20℃之间。\n- 土壤肥力：80%，这个肥力水平是相当高的，对作物生长非常有利。\n- 降水量：50.0mm，这个降水量对于小麦来说可能刚好或者略少，具体还需要看降水分布和土壤保水能力。\n\n结合这些条件，我的建议如下：\n\n1. 温度管理：由于温度较高，可能需要采取措施降低土壤温度，比如进行灌溉或者增加作物行间的覆盖物，以降低土壤表面温度，避免作物生长过快，影响最终的产量和品质。\n\n2. 水分管理：降水量适中，但如果接下来没有更多降水，需要注意及时灌溉，保证小麦生长所需的水分。\n\n3. 肥力管理：土壤肥力较高，可以适当减少施肥量，以免造成肥害。\n\n4. 病虫害防治：高温可能会导致病虫害的发生，需要定期检查作物，一旦发现问题及时处理。\n\n总的来说，目前农场环境对小麦生长有一定的挑战，但通过合理的管理，可以有效克服这些困难。', 'FARMER', '2025-03-15 19:24:16.242225', 'SIM-1742036785372');
INSERT INTO `agent_dialogue` VALUES (216, 'AGENT-1742037845035', '嗯，我看了之前的发言，说得挺有道理的。确实，温度高了点儿，对小麦生长不太有利。我同意采取措施降降温，比如多灌溉几次，或者用点覆盖物，这样不仅能降温，还能保水，对小麦生长有好处。\n\n至于水分管理，我这边也是这么做的，50mm的降水确实不太够，得注意观察天气情况，及时补充水分，别让小麦干着了。\n\n肥力方面，土壤肥力80%确实挺高的，我通常也会根据土壤检测的结果适当减少施肥，避免浪费，也防止肥害。\n\n至于病虫害防治，这个真是大意不得，尤其现在温度高，更容易出问题。得定期去地里转转，早点发现早点治，别让病虫害蔓延开来。\n\n总之，大家说得都挺好的，就按这些建议来，注意观察，及时调整，小麦长得应该差不了。', 'FARMER', '2025-03-15 19:24:23.010252', 'SIM-1742036785372');
INSERT INTO `agent_dialogue` VALUES (217, 'AGENT-1742037786194', '根据之前提供的数据，农场目前的状况看来还算不错。温度为25.5℃，对于小麦来说是个适宜的温度，有利于作物的生长。土壤肥力达到80%，说明土壤养分充足，对作物生长很有利。降水量为50.0mm，如果这个量是在适当的时间分布的，那么对小麦来说也是足够的。\n\n总的来说，目前的农场环境对于小麦的生长是比较理想的。但是，还需要注意以下几点：\n\n1. 温度变化：需要密切关注温度变化，如果温度过高或过低，可能需要采取一些措施来调节，比如适时灌溉或使用遮阳网。\n\n2. 土壤管理：虽然土壤肥力高，但也要注意合理施肥，避免过量导致作物生长过旺，影响最终产量和品质。\n\n3. 水分管理：降水量的多少和分布对小麦生长至关重要。如果降水不均匀，需要考虑灌溉来保证作物水分需求。\n\n4. 病虫害防治：良好的生长环境也可能吸引病虫害，要定期检查作物，提前做好预防和控制工作。\n\n基于以上情况，我会建议你继续保持目前的农业管理措施，并密切关注作物的生长状况，适时调整管理策略。', 'FARMER', '2025-03-15 19:29:19.473276', 'SIM-1742036785372');
INSERT INTO `agent_dialogue` VALUES (218, 'AGENT-1742037845035', '嗯，我同意之前的说法。咱们这儿的条件对小麦来说确实挺合适的。不过，我还想补充几点：\n\n1. 温度这块儿，确实得留心。小麦虽然耐寒，但是温度一高，水分蒸发快，咱们得注意及时浇水，防止旱情。\n\n2. 土壤管理上，我建议咱们可以做个土壤测试，看看具体缺啥营养，再有针对性地施肥。别盲目追肥，浪费钱还可能影响小麦品质。\n\n3. 水分管理，那个降水量，我觉得还得看看分布情况。要是集中在一段时间，可能会导致水土流失，咱们得考虑做好排水工作。\n\n4. 病虫害这块儿，我特别同意要提前防。一旦发现病虫害的苗头，就得赶紧处理，别等到严重了再治，那时候可就晚了。\n\n最后，我觉得咱们还得关注一下天气预报，提前做好准备，应对各种气候变化。总之，得多留心，多观察，及时调整，才能有个好收成。', 'FARMER', '2025-03-15 19:29:26.423811', 'SIM-1742036785372');
INSERT INTO `agent_dialogue` VALUES (219, 'AGENT-1742038122577', '根据之前提供的数据，目前农场环境的情况如下：\n\n- 温度为1.0℃：这个温度对于大多数作物来说是非常低的，可能会抑制作物的生长，尤其是对于喜温作物如小麦来说。\n- 土壤肥力为20%：这个肥力水平可能处于中等偏下，对于作物生长可能不够理想，需要考虑施肥来提高土壤肥力。\n- 降水量为100.0mm：这个降水量可能是一次性的降水量，如果是短时间内集中降雨，可能会导致水害；如果是在较长时间内分布，可能还算适中。\n\n结合这些信息，我的建议如下：\n\n\"目前农场的环境条件对于作物生长来说有一定挑战。首先，温度太低可能会严重影响作物的生长速度，尤其是小麦。可以考虑采取一些保温措施，比如使用农膜覆盖来提高地温。其次，土壤肥力只有20%，可能需要适量施用化肥或有机肥来改善土壤状况，促进作物生长。至于降水量，如果是一次性大量降雨，需要注意排水系统的畅通，防止水害；如果是分布合理的降雨，那对作物来说是个好事。\n\n总之，要根据实际情况调整管理措施，确保作物能够在这种环境下尽可能地健康成长。\"', 'FARMER', '2025-03-15 19:29:42.650850', 'SIM-1742038113060');
INSERT INTO `agent_dialogue` VALUES (220, 'AGENT-1742037786194', '根据我们之前提到的环境数据，目前农场的情况看起来还算不错。温度适中，土壤肥力也很高，这对于作物的生长是非常有利的。降水量虽然只有50毫米，但如果是在适当的时间分布，对于一些作物来说可能是足够的。毕竟，我们是处在温带季风气候区，这种气候通常会有明显的季节性降水。\n\n如果现在是在作物生长的关键期，我会说：\n\n\"目前的环境条件对作物生长大体上是积极的。不过，要注意监测土壤的水分状况，因为虽然土壤肥力好，但降水不足可能会导致作物生长后期出现水分胁迫。建议你根据实际天气情况和作物需求，适时进行灌溉。另外，由于我们使用的是传统农业技术，可能需要更加关注土壤管理和病虫害防治，以保证作物的生长率和产量。\"\n\n如果你有任何具体的问题或者需要针对特定作物（比如小麦）的建议，请告诉我，我会尽量给出更具体的指导。', 'FARMER', '2025-03-15 19:42:49.602560', 'SIM-1742036785372');
INSERT INTO `agent_dialogue` VALUES (221, 'AGENT-1742037845035', '嗯，我同意之前的说法，目前的环境条件确实对作物生长挺有利的。不过，我想补充一点，咱们这地区虽然说是温带季风气候，但是气候变化无常，有时候降水分布并不那么均匀。所以，我得强调一下灌溉计划的重要性。\n\n对于小麦来说，现在这个生长阶段特别关键，水分管理得跟上。我建议咱们要定期检查土壤湿度，一旦发现干旱迹象，就得及时灌溉。同时，传统农业技术也得与现代管理结合起来，比如合理轮作，适时施肥，这样能更好地保持土壤肥力。\n\n至于病虫害防治，那是肯定的，得提前做好预防工作。可以适当考虑使用一些生物防治方法，减少化学农药的使用，保护环境嘛。\n\n总之，我觉得咱们得密切关注天气变化，灵活调整种植计划，确保小麦能有个好收成。你说呢？', 'FARMER', '2025-03-15 19:42:55.592220', 'SIM-1742036785372');
INSERT INTO `agent_dialogue` VALUES (222, 'AGENT-1742037786194', '青稞是一种耐寒、耐旱的作物，对土壤的适应性比较强，它更适合生长在高原或寒冷干燥的地区。根据你提供的环境数据，你的农场是温带季风气候的平原地区，温度和降水量对于青稞来说可能稍微偏高了点。通常青稞在较低的温度和较少的降水条件下生长得更好。\n\n不过，考虑到你的土壤肥力有80%，这是一个很好的条件，有利于作物的生长。如果你们那里的实际气候条件在生长季节内不是特别炎热，而且有一定的灌溉条件可以控制水分，理论上也可以尝试种植青稞。但是，我建议你考虑以下几点：\n\n1. 土壤排水情况：青稞虽然耐旱，但不耐水涝，所以需要确保土壤排水良好。\n2. 温度管理：如果夏季温度过高，可能需要采取一些措施来降低土壤温度，比如进行遮阴或适时灌溉。\n3. 病虫害防治：青稞虽然相对抗病，但在不同的环境条件下可能会遇到不同的病虫害问题，需要提前做好防治准备。\n\n总的来说，如果你的农场在生长季节内的气候条件不是特别极端，且有适当的农业管理措施，可以尝试种植青稞，但最好先进行小范围的试验，看看效果如何。毕竟，实践是检验真理的唯一标准嘛。', 'FARMER', '2025-03-15 19:47:04.158465', 'SIM-1742036785372');
INSERT INTO `agent_dialogue` VALUES (223, 'AGENT-1742037845035', '嗯，我同意上面的说法。青稞确实是个挺耐折腾的作物，不过咱们这平原地区种青稞确实得小心点。土壤肥力好是好事，但是温度和降水这事儿得注意。我琢磨着可以先试种一小块地，看看青稞长势如何，毕竟实验一下总比盲目大面积种植要稳妥。\n\n我也得补充几点：\n\n1. 种植时间：得选好种植时间，尽量避开高温季节，或者在早春晚秋这样的凉爽时候种。\n2. 灌溉管理：得根据实际情况调整灌溉，别让地太湿，也别旱着青稞。\n3. 耕作方式：可能得考虑改改咱们的耕作方式，适应青稞的生长习性。\n\n总之，试试看吧，小心行事，希望青稞能在咱们的地里也长得好。', 'FARMER', '2025-03-15 19:47:10.513753', 'SIM-1742036785372');
INSERT INTO `agent_dialogue` VALUES (224, 'AGENT-1742037786194', '嗯，根据咱们之前的讨论，青稞是一种耐寒、耐旱的作物，对土壤的适应性比较强，尤其适合在高寒地区种植。咱们农场这边的温度是25.5℃，实际上对于青稞来说可能有点偏高了，青稞更适合在较低的温度下生长。\n\n而且，咱们这儿的降水量是50.0mm，如果是集中在生长季节，对于青稞来说可能还勉强够用，因为青稞比较耐旱。但如果降水分布不均，可能还是需要考虑灌溉系统。\n\n再考虑到地形是平原，这个对青稞种植倒是没什么大问题，青稞在各种地形都能生长。\n\n综合来看，虽然咱们这边的气候条件不是最理想的，但如果能够通过合理的农业管理措施，比如调整播种时间、采用节水灌溉技术等，种青稞还是可行的。不过，我个人会稍微质疑一下这个决定的可行性，毕竟温度和降水条件并不是青稞最适宜的。咱们可以考虑一下其他适应性更强的作物，或者做一下小规模的试验种植，看看效果如何再说。你说呢？', 'FARMER', '2025-03-15 19:52:20.798445', 'SIM-1742036785372');
INSERT INTO `agent_dialogue` VALUES (225, 'AGENT-1742037845035', '是啊，我同意你的看法。青稞虽然耐寒耐旱，但咱们这边的温度确实有点高，而且降水也不算特别充足。我琢磨着，如果要种青稞，咱们得好好规划一下。比如，可以选择在稍微凉爽一些的季节播种，利用早春或者晚秋的温度，尽量避开高温时期。\n\n灌溉系统也得好好考虑，毕竟节水灌溉不仅能省水，还能保证作物关键时刻有足够的水分。不过，我这儿有个想法，咱们是不是可以先小规模试种一些青稞，同时也可以考察一下其他适应性强的作物，比如燕麦、高粱什么的，看看哪个在咱们这儿的条件下表现更好。\n\n另外，我还想提个建议，既然咱们地形是平原，其实可以考虑发展一些多样化的种植模式，比如间作或者轮作，这样既能提高土地利用效率，也能降低单一作物风险。咱们可以先做个小范围的试验，如果效果不错，再慢慢扩大规模。你觉得这个方案怎么样？', 'FARMER', '2025-03-15 19:52:27.677040', 'SIM-1742036785372');
INSERT INTO `agent_dialogue` VALUES (226, 'AGENT-1742040864929', '根据之前提供的数据，现在的农场环境有以下特点：\n\n- 温度为20.0℃，这个温度对于多种作物来说是比较适宜的，不是特别热也不是特别冷。\n- 土壤肥力为50%，说明土壤的肥力状况属于中等水平，有一定的养分，但可能需要追加肥料来提高作物生长率。\n- 降水量为150.0mm，对于地中海气候来说，这个降水量可能处于中等偏下水平，可能需要灌溉来保证作物水分需求。\n- 地形为平原，这有利于农业机械操作和灌溉系统的布局。\n- 气候为地中海气候，特点是冬季温和多雨，夏季炎热干燥。\n\n基于这些条件，我会说：\n\n“目前农场环境整体来看还算不错，温度适宜，地形也有利于种植。不过，土壤肥力和降水量可能需要我们注意。我建议针对土壤肥力进行一次检测，看看具体缺少哪些营养元素，然后有针对性地施肥。至于降水量，考虑到地中海气候的夏季干旱，我们需要合理安排灌溉计划，确保作物在生长关键期能够获得足够的水分。这样应该能有效地提高苹果、小麦和水稻的生长率。”', 'FARMER', '2025-03-15 20:15:25.601378', 'SIM-1742040857118');
INSERT INTO `agent_dialogue` VALUES (227, 'AGENT-1742040872463', '嗯，我同意大家的看法。温度这块确实是比较适宜的，对我们种植作物很有利。关于土壤肥力，我觉着我们确实得好好测一下，找出短板来，针对性地补充。而且，这降水量，确实是个问题。我建议咱们可以考虑一下节水灌溉技术，比如滴灌或者喷灌，这样既能保证作物水分，又能省水。\n\n另外，我观察了一下我们这的地形，平原确实方便机械操作，但我也在想，我们是不是可以利用这一点，尝试一些新的种植模式，比如精准农业技术，通过数据分析来优化作物种植，提高效率。\n\n还有，针对地中海气候的特点，我们是不是可以考虑种植一些耐旱的作物，或者在夏季干燥季节之前，采取一些措施来减少水分蒸发，比如覆盖作物或者改变种植时间。总之，得多管齐下，才能确保收成好啊。', 'FARMER', '2025-03-15 20:15:31.806799', 'SIM-1742040857118');
INSERT INTO `agent_dialogue` VALUES (228, 'AGENT-1742040864929', '根据目前提供的农场环境数据，地中海气候通常意味着温暖干燥的夏季和温和湿润的冬季。青稞（大麦的一种，适应性强，尤其在高海拔和冷凉地区生长良好）对气候的适应性比较广，但它更偏好凉爽湿润的环境。\n\n考虑到以下几点：\n\n1. 温度：20.0℃对于青稞来说可能稍微偏暖，但如果这是冬季的平均温度，那么可能还是适宜的。\n2. 土壤肥力：50%的土壤肥力意味着土壤基础条件不错，有利于作物生长。\n3. 降水量：150.0mm的降水量对于地中海气候来说可能是在一个适宜范围内，但如果是全年总降水量，对于青稞可能略少，因为它需要较多的水分。\n4. 地形：平原地区适合机械化种植和收割，对青稞种植来说没有问题。\n\n基于以上分析，我的建议是：\n\n如果我们考虑的是冬春季种植青稞，那么这个环境可能是可以的。但是，如果是在夏季高温时期，可能需要对灌溉系统进行优化，确保青稞在整个生长周期内有足够的水分。另外，由于青稞在高海拔地区生长更好，如果这个农场位于较低的海拔，可能需要在品种选择上做一些调整，选择对温度适应性更强的青稞品种。\n\n总的来说，这个环境种植青稞是有一定潜力的，但还需要进一步考虑当地的详细气候条件和青稞的具体品种要求。赞同之前的环境分析吗？大家觉得还有哪些因素需要考虑？', 'FARMER', '2025-03-15 20:17:47.710413', 'SIM-1742040857118');
INSERT INTO `agent_dialogue` VALUES (229, 'AGENT-1742040872463', '嗯，我赞同之前的分析。确实，青稞对环境的适应性挺广的，但是咱们也得考虑到实际情况。温度和土壤肥力看起来问题不大，关键就是水分这块儿。150mm的降水量，如果是分散在整个生长季，可能还真得靠灌溉来补足水分。\n\n我还想补充几点：\n\n1. 土壤排水性：虽然青稞需要较多水分，但如果土壤排水不好，积水多了也会影响根系呼吸，造成作物生长不良。\n2. 病虫害管理：青稞虽然比其他作物抗病性强一些，但在温暖湿润的环境下，还是要注意防治病虫害。\n3. 种植时间：根据咱们这儿的气候，冬春季种植确实比较合适，可以避免夏季高温的影响。\n4. 遮荫和风力：如果农场附近没有足够的自然遮荫，可能需要考虑人工遮荫措施。同时，青稞苗期对风力比较敏感，要注意防风。\n\n所以，我的建议是，在选择合适的品种和种植时间的同时，也得重视灌溉系统的建设和土壤排水性的改善，还要提前做好病虫害的防治工作。大家觉得这些措施可行吗？有没有其他好的建议？', 'FARMER', '2025-03-15 20:17:56.027386', 'SIM-1742040857118');
INSERT INTO `agent_dialogue` VALUES (230, 'AGENT-1742129348317', '哎呀，寒潮对于小麦来说确实是个大问题，毕竟小麦对低温比较敏感。针对这种情况，我建议可以采取以下几个措施：\n\n1. **及时灌水**：在寒潮来临前，可以适当给小麦田地进行灌水，水分可以提高土壤的热容量，起到一定的保温作用，减少冻害。\n\n2. **覆盖物保护**：如果条件允许，可以用稻草、地膜或者其他覆盖物覆盖在小麦上，形成一层保护层，减少地面辐射冷却，保护小麦不受冻害。\n\n3. **喷施抗寒剂**：市面上有一些抗寒剂，可以在寒潮来临前喷施在小麦上，帮助作物提高抗寒能力。\n\n4. **推迟施肥**：如果原本计划施肥，可以考虑推迟到寒潮过后，因为施肥会促进小麦生长，使得其更易受到冻害。\n\n5. **关注天气预报**：时刻关注天气变化，如果预报显示寒潮严重，可以考虑提前收割，虽然这样可能会影响产量和品质，但总比全部损失要好。\n\n6. **后续补救**：寒潮过后，要及时检查小麦受损情况，对于受冻害的田地，可以采取适当的补救措施，比如施肥、喷药防治病虫害等，帮助小麦恢复生长。\n\n大家觉得这些措施怎么样？有没有其他好的建议？毕竟我们都是想尽量减少损失，保证收成。', 'FARMER', '2025-03-16 20:49:38.395838', 'SIM-1742129341880');
INSERT INTO `agent_dialogue` VALUES (231, 'AGENT-1742129577541', '哎，寒潮确实对作物影响很大，尤其是咱们这种温带季风气候的地区。我建议可以采取以下几个措施来减轻寒潮对农场的影响：\n\n1. **及时收获**：如果小麦已经接近成熟期，应该尽快收获，避免寒潮导致产量和品质下降。\n\n2. **覆盖保护**：对于还没有到收获期的小麦，可以考虑使用塑料薄膜或者其他覆盖物来保护作物，减少冻害。\n\n3. **灌溉**：在寒潮来临前，给作物进行一次充分的水分灌溉。水分可以起到一定的保温作用，帮助作物抵抗低温。\n\n4. **防风措施**：加强农场的防风林建设，利用防风带减少寒风的直接侵袭。\n\n5. **化学防护**：可以考虑使用一些抗寒剂或者植物生长调节剂，帮助作物提高抗寒能力。\n\n6. **关注天气预报**：时刻关注天气变化，如果预报显示寒潮将会持续，那么可能需要考虑提前收割，以减少损失。\n\n7. **后期管理**：寒潮过后，要及时检查作物受损情况，对于受冻害的作物，可以采取相应的补救措施，比如剪除受冻的枝叶，减少病害发生。\n\n大家觉得这些措施怎么样？有没有其他的好方法可以分享？毕竟我们都是共同面对这个问题，集思广益才能更好地解决问题。', 'FARMER', '2025-03-16 20:53:18.109151', 'SIM-1742129571107');
INSERT INTO `agent_dialogue` VALUES (232, 'AGENT-1742129348317', '哎，寒潮确实是个大问题，对作物影响很大。首先，我们要尽快采取措施来减轻寒潮对小麦的影响。我建议可以这样做：\n\n1. **及时灌水**：在寒潮来临前，给小麦田块灌水，水分可以起到一定的保温作用，减少冻害。\n\n2. **覆盖保护**：如果条件允许，可以使用稻草、地膜或者其他覆盖材料对小麦进行覆盖，这样可以在一定程度上保持地温，减少低温对麦苗的直接伤害。\n\n3. **喷施抗冻剂**：市面上有一些抗冻剂，可以在寒潮来临前喷施在麦苗上，帮助作物提高抗冻能力。\n\n4. **加强后期管理**：寒潮过后，要及时检查小麦的受灾情况，对于受冻害的麦田，可以适当增施磷钾肥，促进作物恢复生长。\n\n5. **预防病虫害**：受冻害的作物更容易受到病虫害的侵扰，所以要提前做好病虫害的防治工作。\n\n至于之前有没有其他措施已经提过了，我觉得咱们还得根据实际情况来调整对策。大家觉得呢？有没有其他补充或者不同的意见？', 'FARMER', '2025-03-16 21:10:40.213548', 'SIM-1742129341880');
INSERT INTO `agent_dialogue` VALUES (233, 'AGENT-1742129348317', '哎，寒潮确实对农作物影响很大，尤其是咱们的小麦。首先，我们要尽快采取一些应急措施来减少损失。\n\n1. **及时灌溉**：寒潮来临时，可以通过灌溉土地来提高土壤温度，减少冻害。但是要注意，灌溉后要及时排干，避免因积水导致土壤温度过低。\n\n2. **覆盖保护**：可以用稻草、地膜或者专门的农业用覆盖物来覆盖作物，这样可以在一定程度上保护作物免受寒害。\n\n3. **喷施抗寒剂**：市面上有一些抗寒剂，可以在寒潮来临前喷施在作物上，帮助作物提高抗寒能力。\n\n4. **修剪受损部分**：如果寒潮过后，小麦已经受到冻害，应该及时修剪掉受冻的枯死部分，减少病害的蔓延。\n\n5. **加强后期管理**：寒潮过后，要注意加强肥水管理，适当增加磷钾肥，促进作物恢复生长。\n\n6. **关注天气预报**：时刻关注天气变化，如果预报有寒潮来临，提前做好准备。\n\n我觉得咱们得赶紧行动起来，毕竟时间就是产量啊。大家还有没有其他的好办法？我们可以一起讨论讨论。', 'FARMER', '2025-03-16 21:14:54.132730', 'SIM-1742129341880');
INSERT INTO `agent_dialogue` VALUES (234, 'AGENT-1742129348317', '寒潮对作物的影响可是很大的，尤其是咱们现在种的小麦。首先，咱们得尽快采取一些防护措施来减少损失。\n\n1. 自然语言建议：\n   - 首先，我们可以考虑给小麦田地覆盖上一层秸秆或者地膜，这样可以起到保温作用，减少地面辐射冷却，保护小麦不受冻害。\n   - 其次，如果寒潮来临前小麦正处于生长期，可以提前浇水，因为水的比热容大，可以吸收和释放大量的热量，从而在一定程度上保护作物。\n   - 还可以考虑使用抗寒剂，这可以帮助小麦提高抗冻能力。\n   - 最后，要关注天气预报，如果寒潮预警提前发布，我们应该尽快收割已经成熟的小麦，避免损失。\n\n2. JSON 指令：\n   ||JSON_START||{\"action\":\"protect_crops\",\"method\":\"cover_with_straw\",\"quantity\":100}||JSON_END||\n   ||JSON_START||{\"action\":\"irrigate\",\"crop\":\"wheat\",\"quantity\":10}||JSON_END||\n   ||JSON_START||{\"action\":\"apply_anti_cold_agent\",\"crop\":\"wheat\",\"quantity\":1}||JSON_END||\n   ||JSON_START||{\"action\":\"monitor_weather_forecast\",\"frequency\":1}||JSON_END||\n\n以上措施可以综合考量，根据实际情况来选择最合适的应对策略。寒潮来袭，咱们得抓紧时间保护庄稼。', 'FARMER', '2025-03-16 21:22:38.280767', 'SIM-1742129341880');
INSERT INTO `agent_dialogue` VALUES (235, 'AGENT-1742129348317', '面对寒潮，需要采取措施保护作物，尤其是对于温度敏感的作物如小麦。以下是一些建议和相应的 JSON 指令：\n\n1. **覆盖保护**：使用塑料薄膜或者稻草等覆盖物来保护作物，减少低温对作物的伤害。\n   ||JSON_START||{\"action\":\"cover_crop\",\"material\":\"straw\"}||JSON_END||\n\n2. **提前灌溉**：在寒潮来临前，对作物进行灌溉，水分可以吸收和释放热量，起到一定的保温作用。\n   ||JSON_START||{\"action\":\"irrigate\",\"crop\":\"wheat\"}||JSON_END||\n\n3. **施肥**：增加土壤肥力可以提高作物的抗寒能力，可以施用一些有机肥或者磷钾肥。\n   ||JSON_START||{\"action\":\"fertilize\",\"crop\":\"wheat\",\"fertilizer_type\":\"phosphorus-potassium\"}||JSON_END||\n\n4. **延迟播种**：如果小麦尚未播种，考虑延迟播种直到寒潮过去，以确保作物生长的初期阶段不会受到极端低温的影响。\n   ||JSON_START||{\"action\":\"delay_sowing\",\"crop\":\"wheat\"}||JSON_END||\n\n5. **作物轮作**：如果寒潮频繁，可以考虑种植一些更耐寒的作物，进行作物轮作。\n   ||JSON_START||{\"action\":\"rotate_crops\",\"current_crop\":\"wheat\",\"new_crop\":\"barley\"}||JSON_END||\n\n请注意，以上 JSON 指令需要根据你的实际操作环境和系统要求进行调整。这些指令是假设性的，用于表示可能的操作。在实际应用中，你需要根据具体情况和可用资源来制定计划。', 'FARMER', '2025-03-16 21:26:59.241368', 'SIM-1742129341880');
INSERT INTO `agent_dialogue` VALUES (236, 'AGENT-1742129348317', '面对寒潮，我们需要采取一系列措施来保护作物，特别是像小麦这样的温带作物。以下是一些建议：\n\n1. **及时通知**：密切关注气象预报，一旦收到寒潮预警，及时通知农场工人和周边农户。\n\n2. **覆盖保护**：使用塑料薄膜、稻草或其他覆盖材料为小麦田地提供额外的保暖。\n\n3. **灌溉**：在寒潮来临前进行灌溉，因为水分可以释放热量，起到一定的保温作用。\n\n4. **施肥**：适量施用磷钾肥，增强作物的抗寒能力。\n\n5. **推迟种植**：如果小麦尚未种植，考虑推迟种植时间，直到寒潮过去。\n\n6. **选择抗寒品种**：如果可能，选择抗寒性强的小麦品种进行种植。\n\n7. **清理积雪**：如果寒潮伴随降雪，及时清理作物上的积雪，减少因积雪过重造成的损害。\n\n以下是根据当前环境和作物情况提出的种植建议：\n\n||JSON_START||{\"action\":\"protect\",\"crop\":\"wheat\",\"quantity\":10,\"measure\":[\"cover\",\"irrigate\",\"fertilize\"],\"delay_planting\":true,\"select_cold_resistant_variety\":true}||JSON_END||\n\n这些建议将帮助农民在寒潮期间保护小麦作物，并尽量减少损失。同时，考虑到土壤肥力较低和农业技术为传统农业，建议在寒潮过后，根据实际情况考虑调整作物种植结构，例如：\n\n||JSON_START||{\"action\":\"plant\",\"crop\":\"corn\",\"quantity\":5}||JSON_END||\n\n这表示在合适的时机考虑种植5亩玉米，以实现作物多样化，提高农业生产的稳定性和抗风险能力。', 'FARMER', '2025-03-16 21:47:56.940535', 'SIM-1742129341880');
INSERT INTO `agent_dialogue` VALUES (237, 'AGENT-1742129348317', '面对寒潮，我们需要采取措施保护作物，尤其是小麦等对低温敏感的作物。以下是一些建议：\n\n1. **及时收获**：如果小麦已经接近成熟，应尽快收获以避免损失。\n2. **覆盖保护**：使用草垫、秸秆或塑料薄膜等覆盖材料，为作物提供额外的保暖层。\n3. **灌溉**：在寒潮来临前进行适量灌溉，因为水分可以释放热量，起到一定的保暖作用。\n4. **防风措施**：在田地周围设置防风障，减少寒风的侵袭。\n5. **化学防护**：使用抗冻剂或植物生长调节剂，提高作物的抗寒能力。\n\n对于未来的种植计划，考虑到当前的环境和可能出现的寒潮情况，我建议：\n\n||JSON_START||{\"action\":\"adjust\",\"crop\":\"corn\",\"quantity\":5,\"reason\":\"cold_splash\"}||JSON_END||\n- **调整作物种类**：考虑到寒潮的影响，可以考虑种植一些耐寒性更强的作物，比如玉米（如果条件允许）。\n- **延迟种植**：如果寒潮过后，可以等待气温稳定后再进行种植，以避免幼苗受到冻害。\n- **加强田间管理**：提高土壤肥力，增强作物的整体抗逆性。\n\n请注意，以上建议需要根据实际情况进行调整，确保作物的生长条件得到最佳优化。', 'FARMER', '2025-03-16 22:03:17.537772', 'SIM-1742129341880');
INSERT INTO `agent_dialogue` VALUES (238, 'AGENT-1742129348317', '面对寒潮，我们需要采取一系列措施来保护作物，尤其是像小麦这样的温带作物。以下是一些建议：\n\n1. **提前预警**：密切关注气象预报，提前了解寒潮的到来时间和强度。\n\n2. **覆盖保护**：使用草垫、秸秆或者塑料薄膜等材料对小麦田进行覆盖，以提供额外的保暖。\n\n3. **灌溉**：在寒潮来临前，对田地进行适量灌溉，水分在结冰过程中会释放热量，从而起到一定的保护作用。\n\n4. **施肥**：适量增施磷钾肥，提高作物的抗寒能力。\n\n5. **延迟播种**：如果小麦尚未播种，可以考虑延迟播种，直到寒潮过去。\n\n6. **作物轮作**：考虑在未来的种植计划中引入一些耐寒性更强的作物，例如：\n\n||JSON_START||{\"action\":\"plant\",\"crop\":\"corn\",\"quantity\":5}||JSON_END||\n   - **玉米**：玉米相比小麦有更好的耐寒性，可以考虑在春季天气转暖后种植。\n\n7. **加强后期管理**：寒潮过后，及时检查作物受损情况，剪除受冻害的枯叶，减少病害的发生。\n\n8. **使用抗寒品种**：选择适合当地气候的抗寒品种进行种植，以提高作物的整体抗寒能力。\n\n通过这些措施，可以最大限度地减少寒潮对作物的影响，保护农业生产。', 'FARMER', '2025-03-16 22:16:29.729439', 'SIM-1742129341880');
INSERT INTO `agent_dialogue` VALUES (239, 'AGENT-1742129348317', '面对寒潮，我们需要采取一些紧急措施来保护作物，尤其是对于不耐寒的作物如小麦。以下是一些建议：\n\n1. **提前预警**：密切关注天气预报，及时获取寒潮预警信息。\n\n2. **覆盖保护**：如果可能，可以使用塑料薄膜、稻草或其它覆盖物为作物提供额外的保温。\n\n3. **灌溉**：在寒潮来临前进行灌溉，因为水分可以吸收并释放热量，起到一定的保温作用。\n\n4. **施肥**：施用一些能够增强作物抗寒能力的肥料，如磷钾肥料。\n\n5. **剪枝或移栽**：对于一些可以修剪的作物，剪掉部分枝叶可以减少热量散失；对于秧苗，可以考虑移栽到温室或室内。\n\n6. **使用抗寒剂**：市面上有一些抗寒剂可以在寒潮前喷洒在作物上，帮助作物抵御低温。\n\n对于你的情况，考虑到小麦的生长率已经为0.00，可能已经受到寒潮的影响。在这种情况下，你可以考虑以下行动：\n\n||JSON_START||{\"action\":\"mitigate_cold_wave\",\"crop\":\"wheat\",\"steps\":[\"cover_with_film\",\"irrigate\",\"apply_fertilizer\"],\"quantity\":null}||JSON_END||\n\n同时，鉴于你之前提到的农业环境和作物数据，如果你打算在寒潮过后或明年种植新的作物，可以考虑以下建议：\n\n||JSON_START||{\"action\":\"plant\",\"crop\":\"corn\",\"quantity\":5}||JSON_END||\n\n这是因为玉米相比小麦可能更适合你的环境，并且可以在寒潮过后作为替代作物进行种植。不过，请注意，种植任何作物之前，都需要考虑土壤恢复和肥力提升，以确保新作物能够良好生长。', 'FARMER', '2025-03-16 22:21:49.341553', 'SIM-1742129341880');
INSERT INTO `agent_dialogue` VALUES (240, 'AGENT-1742129348317', '考虑到你所提供的环境数据，包括温度、土壤肥力、降水量、地形和气候，以下是我的建议：\n\n- 温度 15.0℃：适合多种温带作物生长。\n- 土壤肥力 10%：土壤肥力较低，需要选择耐瘠薄的作物。\n- 降水量 200.0mm：这个降水量对于一些作物来说可能偏少，需要选择耐旱或者适应半干旱条件的作物。\n- 地形: 平原：平原地区适合机械化种植和管理。\n- 气候: 温带季风气候：这种气候通常有四季分明，适合多种作物。\n\n基于以上条件，结合小麦生长率为0的情况，我建议尝试种植以下作物：\n\n||JSON_START||{\"action\":\"plant\",\"crop\":\"corn\",\"quantity\":5}||JSON_END||\n\n建议种植玉米。玉米对土壤肥力的要求不是特别高，而且在温带气候下可以生长得不错。此外，玉米相对耐旱，可以适应降水量较少的条件。不过，由于土壤肥力较低，建议适当增加施肥以促进作物生长。\n\n请注意，这里提到的种植量和作物种类需要根据实际的土地面积、土壤测试结果和当地的具体情况来调整。此外，考虑到农业可持续性和生态平衡，建议采取合理的轮作措施，并可能需要补充灌溉和土壤改良措施。', 'FARMER', '2025-03-16 22:24:52.952943', 'SIM-1742129341880');
INSERT INTO `agent_dialogue` VALUES (241, 'AGENT-1742129348317', '面对寒潮来袭，农业生产需要采取一些紧急措施来保护作物，尤其是像小麦这样的低温敏感作物。以下是你可以采取的步骤：\n\n1. **及时关注天气预报**：\n   - 保持对气象部门的关注，获取最新的寒潮预警信息。\n\n2. **采取保护措施**：\n   - ||JSON_START||{\"action\":\"protect\",\"crop\":\"wheat\",\"method\":\"cover\"}||JSON_END||\n     使用地膜或者草垫等材料覆盖作物，以提供额外的保温作用。\n\n3. **灌溉**：\n   - 在寒潮来临前进行灌溉，因为水分可以吸收和释放热量，有助于调节土壤温度，保护作物根系。\n\n4. **施用抗寒剂**：\n   - ||JSON_START||{\"action\":\"treat\",\"crop\":\"wheat\",\"method\":\"antifreeze\"}||JSON_END||\n     可以考虑使用一些抗寒剂或者植物生长调节剂，以提高作物的抗寒能力。\n\n5. **修剪和清理**：\n   - 剪去作物的一些病弱枝条，减少蒸腾作用，降低热量散失。\n\n6. **调整种植计划**：\n   - 如果寒潮严重，考虑推迟种植季节，或者改种更耐寒的作物，如：\n     ||JSON_START||{\"action\":\"plant\",\"crop\":\"corn\",\"quantity\":5,\"delay\":true}||JSON_END||\n     如果条件允许，可以暂时推迟种植玉米，待天气转暖再进行。\n\n7. **加强作物监测**：\n   - 寒潮过后，及时检查作物受冻情况，评估损失，并采取相应的补救措施。\n\n8. **预防措施**：\n   - 为未来可能的寒潮做好准备，考虑建立一些简易的防寒设施，如防风林、保温大棚等。\n\n通过上述措施，可以帮助你的作物更好地抵御寒潮的影响，减少损失。', 'FARMER', '2025-03-16 22:25:33.925358', 'SIM-1742129341880');
INSERT INTO `agent_dialogue` VALUES (242, 'AGENT-1742129348317', '面对寒潮，农业生产需要采取一系列措施来保护作物，尤其是像小麦这样的低温敏感作物。以下是五条应对寒潮的步骤：\n\n1. **及时收获**：\n   - 如果小麦已经接近成熟，应尽快收获，以避免因寒潮导致的损失。\n\n   ||JSON_START||{\"action\":\"harvest\",\"crop\":\"wheat\",\"quantity\":100}||JSON_END||\n\n2. **覆盖保护**：\n   - 对于尚未收获的小麦，可以使用草垫、秸秆或者塑料薄膜等覆盖物来保护作物，减少低温对作物的直接影响。\n\n   ||JSON_START||{\"action\":\"cover\",\"crop\":\"wheat\",\"material\":\"straw\"}||JSON_END||\n\n3. **灌溉保温**：\n   - 在寒潮来临前，对土壤进行灌溉，水分可以吸收并释放热量，起到一定的保温作用。\n\n   ||JSON_START||{\"action\":\"irrigate\",\"crop\":\"wheat\",\"quantity\":50}||JSON_END||\n\n4. **加强作物抗寒措施**：\n   - 使用植物生长调节剂或者抗寒剂来提高作物的抗寒能力。\n\n   ||JSON_START||{\"action\":\"treat\",\"crop\":\"wheat\",\"product\":\"antifreeze\"}||JSON_END||\n\n5. **预防冻害**：\n   - 对于即将种植的作物，如玉米，应推迟种植时间，直到寒潮过去，土壤温度适宜。\n   - 如果已经种植了玉米，应考虑使用临时温室或者加热设备来预防冻害。\n\n   ||JSON_START||{\"action\":\"postpone\",\"crop\":\"corn\",\"quantity\":5}||JSON_END||\n   ||JSON_START||{\"action\":\"protect\",\"crop\":\"corn\",\"method\":\"greenhouse\"}||JSON_END||\n\n请根据实际情况调整上述措施，确保作物能够安全度过寒潮期。同时，密切关注天气预报，及时获取寒潮的最新信息，以便做出更有效的应对。', 'FARMER', '2025-03-16 22:25:55.837615', 'SIM-1742129341880');
INSERT INTO `agent_dialogue` VALUES (243, 'AGENT-1742129348317', '面对寒潮来袭，农业生产需要采取以下五条步骤以减轻寒害：\n\n1. **及时关注天气预报**：\n   - 保持对气象信息的关注，提前了解寒潮的强度、持续时间和可能带来的最低温度，以便做好充分的准备。\n\n   ||JSON_START||{\"action\":\"monitor\",\"subject\":\"weather-forecast\"}||JSON_END||\n\n2. **采取防护措施**：\n   - 对于小麦等已经种植的作物，可以采取覆盖物（如稻草、地膜等）进行保温，减少冻害。\n   - 对于准备种植的作物，如玉米，应推迟种植时间，直到寒潮过去。\n\n   ||JSON_START||{\"action\":\"protect\",\"crop\":\"wheat\",\"method\":\"cover\"}||JSON_END||\n   ||JSON_START||{\"action\":\"delay\",\"crop\":\"corn\",\"quantity\":5}||JSON_END||\n\n3. **加强土壤管理**：\n   - 在寒潮来临前，对土壤进行深翻，增加土壤的保温能力。\n   - 可以适当施用有机肥，提高土壤肥力和地温。\n\n   ||JSON_START||{\"action\":\"manage\",\"subject\":\"soil\",\"method\":\"deep-tillage, organic-fertilizer\"}||JSON_END||\n\n4. **合理灌溉**：\n   - 在寒潮来临前，进行适量灌溉，水分结冰时可以释放热量，起到一定的保护作用。\n   - 寒潮过后，检查作物受冻情况，适时进行补水。\n\n   ||JSON_START||{\"action\":\"irrigate\",\"quantity\":\"moderate\"}||JSON_END||\n\n5. **及时补救**：\n   - 寒潮过后，对于受冻害的作物，应及时剪除受冻部分，减少病害的发生。\n   - 观察作物生长情况，必要时进行补种或改种。\n\n   ||JSON_START||{\"action\":\"remedy\",\"crop\":\"wheat\",\"method\":\"prune\"}||JSON_END||\n   ||JSON_START||{\"action\":\"plant\",\"crop\":\"corn\",\"quantity\":5,\"condition\":\"if-necessary\"}||JSON_END||\n\n请注意，以上措施需要根据实际情况灵活调整，确保作物能够安全度过寒潮。', 'FARMER', '2025-03-16 22:27:05.765116', 'SIM-1742129341880');
INSERT INTO `agent_dialogue` VALUES (244, 'AGENT-1742129348317', '面对寒潮，我们需要采取一系列措施来保护作物，尤其是对于小麦等不耐寒的作物。以下是一些建议：\n\n1. **及时收获**：如果小麦已经接近成熟，应尽快收获以避免寒潮造成的损失。\n\n2. **覆盖保护**：使用塑料薄膜、稻草或其他覆盖物为作物提供额外的保暖。\n\n3. **灌溉**：在寒潮来临前进行灌溉，因为水分可以释放热量，为作物提供一定的保护。\n\n4. **防风林**：如果可能，建立防风林或使用风障减少寒风的直接影响。\n\n5. **化学保护**：使用抗冻剂或其他化学物质来提高作物的抗寒能力。\n\n6. **选择更耐寒的作物**：鉴于目前的环境和技术条件，可以考虑在未来的种植计划中更换为更耐寒的作物。\n\n根据你的JSON指令，如果你打算在寒潮后或未来种植作物，以下是建议：\n\n||JSON_START||{\"action\":\"plant\",\"crop\":\"corn\",\"quantity\":5}||JSON_END||\n**建议**：考虑到寒潮的潜在影响，建议在寒潮过后，土壤温度回升，且环境条件适宜时再进行种植。玉米（corn）通常比小麦更耐寒，但仍需在霜冻风险降低后再进行种植。同时，由于土壤肥力较低，建议在种植前加强土壤改良，增加有机肥料以提高土壤肥力。\n\n请确保在种植前评估天气状况，并采取适当的保护措施，以避免因寒潮等极端天气事件对作物造成损害。', 'FARMER', '2025-03-17 17:18:21.045390', 'SIM-1742129341880');
INSERT INTO `agent_dialogue` VALUES (245, 'AGENT-1742129348317', '面对寒潮，我们需要采取一系列措施来保护作物，尤其是小麦，因为低温会对小麦生长产生不利影响。以下是一些建议：\n\n1. **提前预警**：密切关注气象预报，提前了解寒潮来临的时间，做好相应的预防措施。\n\n2. **增加覆盖**：使用稻草、地膜或其他覆盖材料为作物提供额外的保护，以减少地面散热和冻害。\n\n3. **灌溉**：在寒潮来临前进行灌溉，因为水分可以提高土壤的热容量，帮助作物抵御低温。\n\n4. **施肥**：增施磷钾肥，这些肥料能增强作物的抗寒能力。\n\n5. **喷施抗冻剂**：可以使用一些植物源或化学的抗冻剂来喷施作物，帮助其抵御低温。\n\n6. **调整种植结构**：考虑到当前小麦生长率较低，可以考虑在寒潮过后，根据以下建议调整种植结构：\n\n||JSON_START||{\"action\":\"plant\",\"crop\":\"corn\",\"quantity\":5}||JSON_END||\n_建议在寒潮过后，将小麦部分替换为玉米种植，因为玉米相比小麦在抗寒性上可能更强，而且此时种植玉米可以充分利用剩余的生长季节。建议种植5亩玉米。_\n\n7. **修剪受害部分**：寒潮过后，检查作物受损情况，及时修剪受冻害的枝叶，减少病害传播。\n\n8. **后续管理**：寒潮过后，加强田间管理，适时施肥、灌溉，促进作物恢复生长。\n\n请注意，以上建议需要根据实际情况进行调整，确保作物的健康生长。', 'FARMER', '2025-03-17 17:18:39.586596', 'SIM-1742129341880');
INSERT INTO `agent_dialogue` VALUES (246, 'AGENT-1742129348317', '', 'FARMER', '2025-03-17 17:40:58.227288', 'SIM-1742129341880');
INSERT INTO `agent_dialogue` VALUES (247, 'AGENT-1742129348317', '', 'FARMER', '2025-03-17 17:41:32.515852', 'SIM-1742129341880');
INSERT INTO `agent_dialogue` VALUES (248, 'AGENT-1742129348317', '面对寒潮，我们需要采取一系列措施来保护作物，尤其是小麦，因为它对低温非常敏感。以下是一些建议：\n\n1. **提前预警**：密切关注天气预报，以便在寒潮到来之前做好准备。\n\n2. **覆盖保护**：使用草垫、秸秆或者专门的农业覆盖材料覆盖作物，以提供额外的保暖。\n\n3. **灌溉**：在寒潮来临前进行灌溉，因为水分可以释放热量，帮助提高土壤和作物的温度。\n\n4. **施肥**：增施磷钾肥，这些肥料能增强作物的抗寒能力。\n\n5. **推迟种植**：如果尚未种植，考虑推迟种植时间，直到寒潮过去。\n\n6. **选择更抗寒的作物**：考虑到当前的环境和技术条件，如果小麦生长率较低，可以考虑种植更抗寒的作物。比如：\n\n||JSON_START||{\"action\":\"plant\",\"crop\":\"corn\",\"quantity\":5}||JSON_END||\n_玉米通常比小麦更能抵御低温，因此可以考虑在寒潮过后种植5亩玉米。_\n\n7. **加强作物管理**：寒潮过后，检查作物受损情况，及时清理冻死的植物残体，减少病虫害的发生。\n\n8. **使用抗寒剂**：市面上有一些抗寒剂可以在寒潮来临前喷洒在作物上，帮助作物抵御低温。\n\n请注意，以上建议需要根据实际情况进行调整，确保最适合你的农场条件。', 'FARMER', '2025-03-17 17:52:46.949127', 'SIM-1742129341880');
INSERT INTO `agent_dialogue` VALUES (249, 'AGENT-1742129348317', '面对寒潮，我们需要采取一系列措施来保护作物，尤其是对于小麦等不耐寒的作物。以下是一些建议：\n\n1. **及时收获**：如果小麦已经接近成熟期，应尽快收获以避免寒潮造成的损失。\n\n2. **覆盖保护**：使用塑料薄膜、稻草或者其它覆盖物为作物提供额外的保暖。\n\n3. **灌溉**：在寒潮来临前进行灌溉，因为水分可以释放热量，为作物提供一定的保护。\n\n4. **防风措施**：在田地周围设置防风障，减少寒风对作物的直接影响。\n\n5. **化学防护**：使用抗冻剂或者植物生长调节剂来提高作物的抗寒能力。\n\n6. **选择更耐寒的作物**：鉴于当前的环境和技术条件，可以考虑在寒潮后种植更耐寒的作物。\n\n根据你的JSON指令，这里提供种植建议：\n\n||JSON_START||{\"action\":\"plant\",\"crop\":\"corn\",\"quantity\":5}||JSON_END||\n**种植建议**：考虑到寒潮的影响，建议在寒潮过后，土壤温度适宜时，种植5亩抗寒性较强的玉米。玉米相比小麦更耐寒，且生长周期较短，可以在较短的时间内收获，减少因气候变化带来的风险。\n\n请注意，种植任何作物之前，应先评估土壤条件、修复可能由寒潮造成的损害，并考虑当地的气候预报。', 'FARMER', '2025-03-17 17:52:49.633848', 'SIM-1742129341880');

-- ----------------------------
-- Table structure for agent_properties
-- ----------------------------
DROP TABLE IF EXISTS `agent_properties`;
CREATE TABLE `agent_properties`  (
  `agent_id` varchar(255) CHARACTER SET utf8mb4 COLLATE utf8mb4_0900_ai_ci NOT NULL,
  `property_value` varchar(255) CHARACTER SET utf8mb4 COLLATE utf8mb4_0900_ai_ci NULL DEFAULT NULL,
  `property_key` varchar(255) CHARACTER SET utf8mb4 COLLATE utf8mb4_0900_ai_ci NOT NULL,
  PRIMARY KEY (`agent_id`, `property_key`) USING BTREE,
  CONSTRAINT `FKr374sxwy2ouvumtlxobm82bfa` FOREIGN KEY (`agent_id`) REFERENCES `agent` (`agent_id`) ON DELETE RESTRICT ON UPDATE RESTRICT
) ENGINE = InnoDB CHARACTER SET = utf8mb4 COLLATE = utf8mb4_0900_ai_ci ROW_FORMAT = DYNAMIC;

-- ----------------------------
-- Records of agent_properties
-- ----------------------------

-- ----------------------------
-- Table structure for crop
-- ----------------------------
DROP TABLE IF EXISTS `crop`;
CREATE TABLE `crop`  (
  `crop_id` varchar(255) CHARACTER SET utf8mb4 COLLATE utf8mb4_0900_ai_ci NOT NULL,
  `crop_name` varchar(255) CHARACTER SET utf8mb4 COLLATE utf8mb4_0900_ai_ci NULL DEFAULT NULL,
  `growth_rate` double NOT NULL,
  `soil_weight` double NOT NULL,
  `temp_weight` double NOT NULL,
  `water_weight` double NOT NULL,
  `simulation_id` varchar(255) CHARACTER SET utf8mb4 COLLATE utf8mb4_0900_ai_ci NULL DEFAULT NULL,
  PRIMARY KEY (`crop_id`) USING BTREE,
  INDEX `FKbunpn1d8i8u5omr14sxhnailg`(`simulation_id` ASC) USING BTREE,
  CONSTRAINT `FKbunpn1d8i8u5omr14sxhnailg` FOREIGN KEY (`simulation_id`) REFERENCES `simulation` (`id`) ON DELETE RESTRICT ON UPDATE RESTRICT
) ENGINE = InnoDB CHARACTER SET = utf8mb4 COLLATE = utf8mb4_0900_ai_ci ROW_FORMAT = DYNAMIC;

-- ----------------------------
-- Records of crop
-- ----------------------------
INSERT INTO `crop` VALUES ('004f1c9e-3384-4e20-80ed-cc24daba2578', '小麦', 0, 0, 0, 0, 'SIM-1741937262514');
INSERT INTO `crop` VALUES ('048292de-a58c-4289-b0c4-b3eeed06a261', '苹果', 0, 0, 0, 0, 'SIM-1742042110582');
INSERT INTO `crop` VALUES ('10b5ccff-01fb-4711-89bb-53956239ab0b', '水稻', 0, 0, 0, 0, 'SIM-1742039118193');
INSERT INTO `crop` VALUES ('3858e748-ca41-49c0-a7e5-7ca8ef3cc84d', '小麦', 1, 0.5, 0.5, 0.5, 'SIM-1742129571107');
INSERT INTO `crop` VALUES ('47501007-4cb4-4964-ab0c-2c9fdf8a7cc7', '苹果', 0, 0, 0, 0, 'SIM-1742040857118');
INSERT INTO `crop` VALUES ('54c5047a-f644-4c2c-b055-360860bf9d32', '小麦', 0, 0, 0, 0, 'SIM-1742129341880');
INSERT INTO `crop` VALUES ('a8085e2f-4db2-4425-aa9b-3ac2ed5af725', '小麦', 0, 0, 0, 0, 'SIM-1742040857118');
INSERT INTO `crop` VALUES ('ac78644b-7c8c-4012-ac02-37835d67ec86', '小麦', 0, 0, 0, 0, 'SIM-1741937262514');
INSERT INTO `crop` VALUES ('bde9334e-518f-440e-aced-b9c19c2631d8', '小麦', 0, 0, 0, 0, 'SIM-1741937262514');
INSERT INTO `crop` VALUES ('c211c4c0-0d93-4ab6-b1c5-b0f7a11dcc9e', '小麦', 0.8, 0.6, 0.5, 0.7, 'SIM-1742036785372');
INSERT INTO `crop` VALUES ('c3a02ab3-3cba-4182-806a-13018883fa24', '小麦', 0, 0, 0, 0, 'SIM-1741937262514');
INSERT INTO `crop` VALUES ('e2ad2c00-9ff3-4e43-b2fe-155e7b8f1ff1', '小麦', 0, 0, 0, 0, 'SIM-1741937262514');
INSERT INTO `crop` VALUES ('e9b15b76-e9de-4167-9ea5-9cf07f2f0667', '苹果', 0, 0, 0, 0, 'SIM-1742042280240');
INSERT INTO `crop` VALUES ('eb52550b-d4d0-4806-b20b-5a0b9725b9d5', '水稻', 0, 0, 0, 0, 'SIM-1742040857118');
INSERT INTO `crop` VALUES ('ed02f416-45bb-4674-ac66-bce161448f0c', '小麦', 0, 0, 0, 0, 'SIM-1742038113060');
INSERT INTO `crop` VALUES ('f66e1272-1ab8-44e6-a0de-2d1f16224d50', '小麦', 0, 0, 0, 0, 'SIM-1741937262514');
INSERT INTO `crop` VALUES ('fbb5aa24-651a-4708-9f6e-266a04194928', '小麦', 0, 0, 0, 0, 'SIM-1741937262514');

-- ----------------------------
-- Table structure for environment
-- ----------------------------
DROP TABLE IF EXISTS `environment`;
CREATE TABLE `environment`  (
  `id` bigint NOT NULL AUTO_INCREMENT,
  `precipitation` double NOT NULL,
  `soil_fertility` double NOT NULL,
  `temperature` double NOT NULL,
  `timestamp` datetime(6) NULL DEFAULT NULL,
  `simulation_id` varchar(255) CHARACTER SET utf8mb4 COLLATE utf8mb4_0900_ai_ci NULL DEFAULT NULL,
  `terrain` varchar(255) CHARACTER SET utf8mb4 COLLATE utf8mb4_0900_ai_ci NOT NULL DEFAULT '平原',
  `climate` varchar(255) CHARACTER SET utf8mb4 COLLATE utf8mb4_0900_ai_ci NOT NULL DEFAULT '温带季风气候',
  `agricultural_technology` varchar(255) CHARACTER SET utf8mb4 COLLATE utf8mb4_0900_ai_ci NOT NULL DEFAULT '传统农业',
  PRIMARY KEY (`id`) USING BTREE,
  INDEX `FK8u5pbwyckkswy69r1jspyv9rb`(`simulation_id` ASC) USING BTREE,
  CONSTRAINT `FK8u5pbwyckkswy69r1jspyv9rb` FOREIGN KEY (`simulation_id`) REFERENCES `simulation` (`id`) ON DELETE RESTRICT ON UPDATE RESTRICT
) ENGINE = InnoDB AUTO_INCREMENT = 21 CHARACTER SET = utf8mb4 COLLATE = utf8mb4_0900_ai_ci ROW_FORMAT = DYNAMIC;

-- ----------------------------
-- Records of environment
-- ----------------------------
INSERT INTO `environment` VALUES (1, 0, 70, 25, NULL, NULL, '平原', '温带季风气候', '传统农业');
INSERT INTO `environment` VALUES (2, 0, 70, 25, NULL, NULL, '平原', '温带季风气候', '传统农业');
INSERT INTO `environment` VALUES (3, 0, 70, 25, NULL, NULL, '平原', '温带季风气候', '传统农业');
INSERT INTO `environment` VALUES (4, 0, 70, 25, NULL, NULL, '平原', '温带季风气候', '传统农业');
INSERT INTO `environment` VALUES (5, 0, 70, 25, NULL, NULL, '平原', '温带季风气候', '传统农业');
INSERT INTO `environment` VALUES (6, 6.590905839037742, 0.2628501919687205, 2.920290206740077, NULL, NULL, '平原', '温带季风气候', '传统农业');
INSERT INTO `environment` VALUES (7, 48.167576047277194, 0.005673075633152003, 13.982030565616128, NULL, NULL, '平原', '温带季风气候', '传统农业');
INSERT INTO `environment` VALUES (8, 90.62409341147053, 0.702075519639801, 26.160003954179956, NULL, NULL, '平原', '温带季风气候', '传统农业');
INSERT INTO `environment` VALUES (9, 38.3519546273805, 0.563752359609627, 32.5316312176828, NULL, NULL, '平原', '温带季风气候', '传统农业');
INSERT INTO `environment` VALUES (10, 62.20822939783386, 0.3804061525423197, 19.39814480863908, NULL, NULL, '平原', '温带季风气候', '传统农业');
INSERT INTO `environment` VALUES (11, 73.83973949166847, 0.33708239177138544, 25.00235746070694, NULL, NULL, '平原', '温带季风气候', '传统农业');
INSERT INTO `environment` VALUES (12, 18.87026436213062, 0.010723561937951764, 28.038690903028794, NULL, NULL, '平原', '温带季风气候', '传统农业');
INSERT INTO `environment` VALUES (13, 59.179654192762655, 0.7943212119521195, 16.345557086686515, NULL, NULL, '平原', '温带季风气候', '传统农业');
INSERT INTO `environment` VALUES (14, 50, 0.8, 25.5, NULL, 'SIM-1742036785372', '平原', '温带季风气候', '传统农业');
INSERT INTO `environment` VALUES (15, 100, 0.2, 1, '2025-03-15 19:29:07.845562', 'SIM-1742038113060', '平原', '温带季风气候', '传统农业');
INSERT INTO `environment` VALUES (16, 150, 0.5, 20, '2025-03-15 20:15:11.141001', 'SIM-1742040857118', '平原', '地中海气候', '精准农业');
INSERT INTO `environment` VALUES (17, 150, 0.5, 20, '2025-03-15 20:35:35.285297', 'SIM-1742042110582', '平原', '温带季风气候', '传统农业');
INSERT INTO `environment` VALUES (18, 150, 0.5, 20, '2025-03-15 20:38:16.980039', 'SIM-1742042280240', '平原', '温带季风气候', '传统农业');
INSERT INTO `environment` VALUES (19, 200, 0.1, 15, '2025-03-16 20:49:15.438140', 'SIM-1742129341880', '平原', '温带季风气候', '传统农业');
INSERT INTO `environment` VALUES (20, 200, 0.1, 15, '2025-03-16 20:53:04.894323', 'SIM-1742129571107', '平原', '温带季风气候', '传统农业');

-- ----------------------------
-- Table structure for harvest
-- ----------------------------
DROP TABLE IF EXISTS `harvest`;
CREATE TABLE `harvest`  (
  `id` bigint NOT NULL AUTO_INCREMENT,
  `crop_name` varchar(255) CHARACTER SET utf8mb4 COLLATE utf8mb4_0900_ai_ci NULL DEFAULT NULL,
  `harvest_time` datetime(6) NULL DEFAULT NULL,
  `quality` double NOT NULL,
  `yield` double NOT NULL,
  `simulation_id` varchar(255) CHARACTER SET utf8mb4 COLLATE utf8mb4_0900_ai_ci NULL DEFAULT NULL,
  PRIMARY KEY (`id`) USING BTREE,
  INDEX `FKdp0nus5mrf2li4f7xi06323k3`(`simulation_id` ASC) USING BTREE,
  CONSTRAINT `FKdp0nus5mrf2li4f7xi06323k3` FOREIGN KEY (`simulation_id`) REFERENCES `simulation` (`id`) ON DELETE RESTRICT ON UPDATE RESTRICT
) ENGINE = InnoDB AUTO_INCREMENT = 6 CHARACTER SET = utf8mb4 COLLATE = utf8mb4_0900_ai_ci ROW_FORMAT = DYNAMIC;

-- ----------------------------
-- Records of harvest
-- ----------------------------
INSERT INTO `harvest` VALUES (1, '苹果', '2025-03-15 20:20:12.866819', 0, 0, 'SIM-1742040857118');
INSERT INTO `harvest` VALUES (2, '小麦', '2025-03-15 20:20:12.889970', 0, 0, 'SIM-1742040857118');
INSERT INTO `harvest` VALUES (3, '水稻', '2025-03-15 20:20:12.900352', 0, 0, 'SIM-1742040857118');
INSERT INTO `harvest` VALUES (4, '苹果', '2025-03-15 20:38:23.776336', 0, 0, 'SIM-1742042280240');
INSERT INTO `harvest` VALUES (5, '小麦', '2025-03-16 20:53:17.670675', 106.05000000000001, 901.4250000000001, 'SIM-1742129571107');

-- ----------------------------
-- Table structure for history_log
-- ----------------------------
DROP TABLE IF EXISTS `history_log`;
CREATE TABLE `history_log`  (
  `id` bigint NOT NULL AUTO_INCREMENT,
  `log_message` varchar(255) CHARACTER SET utf8mb4 COLLATE utf8mb4_0900_ai_ci NULL DEFAULT NULL,
  `timestamp` datetime(6) NULL DEFAULT NULL,
  `simulation_id` varchar(255) CHARACTER SET utf8mb4 COLLATE utf8mb4_0900_ai_ci NULL DEFAULT NULL,
  PRIMARY KEY (`id`) USING BTREE,
  INDEX `FKecs4ful79kohhuqu4kbnogb5g`(`simulation_id` ASC) USING BTREE,
  CONSTRAINT `FKecs4ful79kohhuqu4kbnogb5g` FOREIGN KEY (`simulation_id`) REFERENCES `simulation` (`id`) ON DELETE RESTRICT ON UPDATE RESTRICT
) ENGINE = InnoDB AUTO_INCREMENT = 1 CHARACTER SET = utf8mb4 COLLATE = utf8mb4_0900_ai_ci ROW_FORMAT = DYNAMIC;

-- ----------------------------
-- Records of history_log
-- ----------------------------

-- ----------------------------
-- Table structure for simulation
-- ----------------------------
DROP TABLE IF EXISTS `simulation`;
CREATE TABLE `simulation`  (
  `id` varchar(255) CHARACTER SET utf8mb4 COLLATE utf8mb4_0900_ai_ci NOT NULL,
  `description` varchar(255) CHARACTER SET utf8mb4 COLLATE utf8mb4_0900_ai_ci NULL DEFAULT NULL,
  `name` varchar(255) CHARACTER SET utf8mb4 COLLATE utf8mb4_0900_ai_ci NULL DEFAULT NULL,
  `status` varchar(255) CHARACTER SET utf8mb4 COLLATE utf8mb4_0900_ai_ci NULL DEFAULT NULL,
  `current_prompt` varchar(255) CHARACTER SET utf8mb4 COLLATE utf8mb4_0900_ai_ci NULL DEFAULT NULL,
  `latest_command_json` text CHARACTER SET utf8mb4 COLLATE utf8mb4_0900_ai_ci NULL,
  PRIMARY KEY (`id`) USING BTREE
) ENGINE = InnoDB CHARACTER SET = utf8mb4 COLLATE = utf8mb4_0900_ai_ci ROW_FORMAT = DYNAMIC;

-- ----------------------------
-- Records of simulation
-- ----------------------------
INSERT INTO `simulation` VALUES ('SIM-1741873965099', 'This is a test simulation', 'My Simulation', 'STOPPED', NULL, NULL);
INSERT INTO `simulation` VALUES ('SIM-1741876417897', 'This is a test simulation', 'My Simulation', 'STOPPED', NULL, NULL);
INSERT INTO `simulation` VALUES ('SIM-1741876512279', 'This is a test simulation', 'Test Simulation', 'STOPPED', NULL, NULL);
INSERT INTO `simulation` VALUES ('SIM-1741878907474', 'This is a test simulation', 'Test Simulation', 'STOPPED', NULL, NULL);
INSERT INTO `simulation` VALUES ('SIM-1741880304579', '测试农场', '我的农场', 'STOPPED', NULL, NULL);
INSERT INTO `simulation` VALUES ('SIM-1741880356229', '测试农场', '我的农场', 'STOPPED', NULL, NULL);
INSERT INTO `simulation` VALUES ('SIM-1741936968324', '测试农场', '我的农场', 'STOPPED', NULL, NULL);
INSERT INTO `simulation` VALUES ('SIM-1741937049145', '测试农场', '我的农场', 'STOPPED', NULL, NULL);
INSERT INTO `simulation` VALUES ('SIM-1741937262514', '测试农场', '我的农场', 'STOPPED', NULL, NULL);
INSERT INTO `simulation` VALUES ('SIM-1741937724561', '测试农场', '我的农场', 'STOPPED', NULL, NULL);
INSERT INTO `simulation` VALUES ('SIM-1741938177948', '测试农场', '我的农场', 'STOPPED', NULL, NULL);
INSERT INTO `simulation` VALUES ('SIM-1741938391759', '测试农场', '我的农场', 'STOPPED', NULL, NULL);
INSERT INTO `simulation` VALUES ('SIM-1741939007831', '测试农场', '我的农场', 'STOPPED', NULL, NULL);
INSERT INTO `simulation` VALUES ('SIM-1742026774518', '测试农场', '我的农场', 'STOPPED', NULL, NULL);
INSERT INTO `simulation` VALUES ('SIM-1742034585608', '测试农场', '我的农场', 'STOPPED', NULL, NULL);
INSERT INTO `simulation` VALUES ('SIM-1742035146077', '测试农场', '我的农场', 'STOPPED', NULL, NULL);
INSERT INTO `simulation` VALUES ('SIM-1742036785372', '测试农场', '我的农场', 'STOPPED', NULL, NULL);
INSERT INTO `simulation` VALUES ('SIM-1742038113060', '测试农场', '我的农场', 'STOPPED', NULL, NULL);
INSERT INTO `simulation` VALUES ('SIM-1742039118193', '测试农场', '我的农场', 'STOPPED', NULL, NULL);
INSERT INTO `simulation` VALUES ('SIM-1742040857118', '测试农场', '我的农场', 'STOPPED', NULL, NULL);
INSERT INTO `simulation` VALUES ('SIM-1742042110582', '测试农场', '我的农场', 'STOPPED', NULL, NULL);
INSERT INTO `simulation` VALUES ('SIM-1742042280240', '测试农场', '我的农场', 'STOPPED', NULL, NULL);
INSERT INTO `simulation` VALUES ('SIM-1742128058451', '研究畜牧业', '浙江牧场', 'STOPPED', NULL, NULL);
INSERT INTO `simulation` VALUES ('SIM-1742129341880', '研究畜牧业', '浙江牧场', 'STOPPED', '发生寒潮了怎么办', NULL);
INSERT INTO `simulation` VALUES ('SIM-1742129478870', '研究畜牧业', '浙江牧场', 'STOPPED', NULL, NULL);
INSERT INTO `simulation` VALUES ('SIM-1742129571107', '研究畜牧业', '浙江牧场', 'STOPPED', NULL, NULL);

SET FOREIGN_KEY_CHECKS = 1;
